image;row_idx;row_ratio;text;label
X51005441401.jpg;7;0.333;BIZDATE: 12/03/2018;0
X51007339146.jpg;24;0.727;SR @ 6% 15.57 0.93;0
X51005301667.jpg;7;0.13;CREDIT NOTE;0
X51005745187.jpg;13;0.481;3557366100208 •- 21.20 2120 SR;0
X51006388044.jpg;5;0.263;400002 1.00 X 21.32 21.32;0
X51008123476.jpg;0;0.0;Dion Realties Sdn Bhd (Ca. No:20154-T);0
X51008030566.jpg;13;0.481;1 x 2.20 2.20 SR;0
X51007846357.jpg;25;0.385;1x 7.80;0
X51005742068.jpg;12;0.75;PPF P1 1.000 6 6.00;0
X51006912972.jpg;43;0.662;0.46;0
X51005711403.jpg;16;0.64;Take Away;0
X51007339095.jpg;3;0.097;Mobile /Whatsapps : +6012-918 7937.;0
X51008114217.jpg;1;0.034;(CO Reg : 750441-W);0
X51005719914.jpg;22;0.512;9002148 3 X 4.50 13.50;0
X51007339658.jpg;3;0.083;ENTERPRISE TSETIA;0
X51007339648.jpg;2;0.059;ALAM) SDN 'BHO;0
X51007339152.jpg;3;0.103;Mobile /Whatsapps : +6012-918 7937;0
X51006555806.jpg;16;0.485;WHOLEMEAL 2.78 5 0 0 5 13.90;1
X51005361900.jpg;15;0.469;- G SOFT 6ML QUICK DRY CORRECTION PEN;1
X51005806678.jpg;1;0.034;L4-17 (B), Level 4,;0
X51006557178.jpg;27;0.844;The recipient of Gardenia's products is;0
X51008123447.jpg;0;0.0;Dion Realties Sdn Bhd (Co. No:20154-T);0
X51005568914.jpg;14;0.56;2 pc @ 4.90 9.80 SRM;0
X51006557188.jpg;30;0.882;required to make necessary adjustments to its;0
X51006557508.jpg;0;0.0;GARDENIA BAKERIES (KL) SDN BHD (139386 X);0
X51006414431.jpg;29;0.453;Payment Mode;0
X51005757353.jpg;17;0.63;(tem(s) : 3 Qty(s) : 3;0
X51008164997.jpg;3;0.091;43800 DENGKIL, SELANGOR.;0
X51005676549.jpg;1;0.033;(81109-A);0
X00016469612.jpg;8;0.308;Date : 25/12/2018 8:13:39 PM;0
X51006414713.jpg;2;0.024;YHM Aeon Tebrau City;0
X51005806702.jpg;22;0.957;SR @ 6% 12.74 0.76;0
X51007339146.jpg;7;0.212;Owned By:;0
X51006557195.jpg;19;0.543;CR-CORN 0.72 20 0 0 20 14.40;1
X51006557119.jpg;27;0.871;required to make necessary adjustments to its;0
X51005587254.jpg;33;0.943;t:ime frame,NYDIN may based on its absolute;0
X51005361898.jpg;14;0.4;9555535000663 1 28.00 0.00 28.00 *;0
X51007339126.jpg;12;0.375;100 X 0.1000 10.00 SR;0
X51007846395.jpg;18;0.305;MoDonald's Mutiara Rini DT (#309) $;0
X51005712021.jpg;13;0.464;*350PCS FRUIT PLUS - APPLE;1
X51006619697.jpg;11;0.379;Seafood FriEd prICe RM13, 50 SR;0
X51006008091.jpg;20;0.69;Item Count 2;0
X51005675095.jpg;18;0.783;Amount 14.1.18 RM3.77;0
X51006441473.jpg;4;0.114;Jalan Bentong;0
X51006620414.jpg;36;0.973;*Settled at 20/10/2016 3:08:19 PM*;0
X51005717526.jpg;14;0.452;ORD #15 -REG #19- 02/03/2018 12:59:16;0
X51007231344.jpg;41;0.745;G;0
X51006912972.jpg;34;0.523;Amount .;0
X51006389884.jpg;15;0.536;861 FAB PERFECT BAR (8) 130 RM9.00 s;1
X51006555784.jpg;13;0.419;DD:30/08/2017 10:51;0
X51005719912.jpg;5;0.161;Company Reg #1101083-T;0
X51007103578.jpg;8;0.222;ACRYLIC TAPE 18MM*1.5M;1
X51006414712.jpg;53;0.671;Did we smile at you?;0
X51006334926.jpg;12;0.414;INV# 001780200112117;0
X51005587254.jpg;2;0.057;4-20, Jalan Ria 25/62 Taman Sri Muda;0
X51005749912.jpg;10;0.417;9072363 1 X 29.90 29.90;0
X51006556823.jpg;8;0.258;MAKASSAR FRESH MARKET SDN BHD;0
X51006414519.jpg;24;0.375;FM 50.00;0
X51006620189.jpg;6;0.182;INVOICE NO : 17664/103/T0027;0
X51007339167.jpg;31;0.939;PURCHASE DATE FOR I.T PRODUCT WARRANTY;0
X51005663324.jpg;2;0.041;NO 290, JALAN AIR PANAS.;0
X51005268472.jpg;26;0.491;885019932072: 1 1.42 1.51 1.51 SR;0
X51006619566.jpg;18;1.0;Keep the invoice for applicable returns;0
X51006619496.jpg;22;0.88;1.9 = s 34.62 2.08;0
X51006311779.jpg;25;0.694;04:54pm, 27 March, 2018;0
X51006557199.jpg;20;0.588;CR-CHOCLT 0.72 20 0 0 20 14.40;1
X51007339643.jpg;29;0.853;GOODS SOLD ARE NOT REFUNDABLE,;0
X51008030560.jpg;12;0.522;SR: COFFEE (T.AWAY) 2 2.40 4.80;1
X51008114283.jpg;11;0.393;Item(s) :1 Qty(s) : 1;0
X51006557199.jpg;13;0.382;DD: 09/10/2017 12:36;0
X51007339642.jpg;2;0.059;ALAM) SDN'BHD;0
X51005663297.jpg;21;0.318;11028 1 150.00 159.00 159.00 SR;0
X51005711453.jpg;20;0.8;toonnd it 8.50;0
X51005663280.jpg;34;0.829;YOUR SURVEY CODE:S013;0
X51008164992.jpg;7;0.2;Bill#:V001-539327;0
X51006828217.jpg;6;0.316;INVOICE NO : 18124/102/T0146;0
X51006556815.jpg;33;1.0;CUSTOMER'SCOPY;0
X51006414631.jpg;16;0.229;Item Qty;0
X51008128052.jpg;0;0.0;PandaH INdaH PulaU KEtam REstaurANT;0
X51008164420.jpg;27;1.0;HM09eR8088;0
X51007846301.jpg;40;0.635;RM0.00 .;0
X51006466055.jpg;13;0.382;TEL ± 03 - 7781 8333;0
X51006414429.jpg;18;0.281;Facebook.com/BarWangRice;0
X51007846302.jpg;48;0.814;09/06/2018 18:47;0
X51008142031.jpg;12;0.4;Chicken Item;1
X51005453801.jpg;12;0.48;RM Code;0
X51006555125.jpg;15;1.0;Therk you! Please some again!;0
X51007846391.jpg;27;0.415;1;0
X51005757248.jpg;8;0.25;1× 000001888854 0.20SR;0
X51005663298.jpg;14;0.412;180321142900_515592_bjc5691918+365;0
X51008099044.jpg;0;0.0;Restoran Wan Sheng;0
X51007846410.jpg;17;0.25;10 ,;0
X51006619341.jpg;14;0.609;Item(s) : 2 Qty(s) : 2;0
X51006414711.jpg;27;0.386;1 CWAH AOA1-ADI 14.50;1
X51006414713.jpg;80;0.976;Please Come Again. 4;0
X51006619772.jpg;7;0.241;Tel No. 03-6259-6498;0
X51005447861.jpg;31;0.861;BE A POPULAR CARD MEMBER;0
X51005719904.jpg;6;0.207;111 No.: 001-3246;0
X51005685357.jpg;0;0.0;For staff: Leoyp sang Fode;0
X51007846388.jpg;25;0.379;RM1.50;0
X51006913074.jpg;45;0.703;www.dominos.com.my;0
X51007339158.jpg;16;0.533;Round Adj 0.00;0
X51005757353.jpg;8;0.296;HITE CABLE TIE 4*200MM(8') *S;1
X51006388069.jpg;23;0.622;4 X 2.95 11.80 S;0
X51008123451.jpg;13;0.591;100# X 4L COMPRESSOR OIL @ TIN;1
X51008064061.jpg;8;0.308;ARTLINE WHITEBOARD MAKER PEN 500A (R S;1
X51006392122.jpg;7;0.318;No.1 Jalan SS 9/1, 47300 PJ, Selangor.;0
X51007231338.jpg;26;0.382;Description Qty;0
X51007231336.jpg;12;0.188;12, Jalan Tampoi 7/4,Kawasan Perindustrian;0
X51006327978.jpg;11;0.393;060400063 YSF BUAH KERAS 3KG;1
X51006414470.jpg;31;0.492;Payment Mode;0
X51007846325.jpg;52;0.765;Member: WONG SHOO YUEN;0
X51006349086.jpg;22;1.0;Thark You;0
X51008114216.jpg;10;0.455;8970273 5 X 1.79 8.95;0
X51006008095.jpg;22;0.957;Goods Sold are not returnable;0
X51006350750.jpg;1;0.042;19, JALAN KANCIL,;0
X51007339653.jpg;3;0.088;822737-X;0
X51007846410.jpg;49;0.721;SRO 0 12.00 0.00;0
X51008164510.jpg;2;0.143;41-1, JLN RADIN ANUM 2, SRI;0
X51005719862.jpg;9;0.6;2485 LABOOST DRINKING WATER RM.50 s;1
X51006327976.jpg;22;0.595;Starting ist April, we will no longer b issuing handwritten;0
X51005806703.jpg;15;0.536;PLASTIC (ONTAINER W COVER MS-SQ-1;1
X00016469669.jpg;3;0.167;TAMAN DESA HARMONI.;0
X51007339157.jpg;28;0.933;PURCHASE DATE FOR I.T PRODUCT WARRANTY;0
X51005757290.jpg;10;0.37;JH61 - 4/200;0
X51006389884.jpg;22;0.786;CREDIT RM 1182.00;0
X51005715451.jpg;21;0.75;@ 6% 13.81 0.83;0
X51008042782.jpg;8;0.308;Date : 02-04-2018 15:14:07;0
X51005757349.jpg;1;0.043;(000760274-K);0
X00016469620.jpg;10;0.333;8970669 1 X 19.00 19.00;0
X51005711404.jpg;28;0.966;SR (%9 0) 4.54;0
X51006414719.jpg;31;0.484;100;0
X51006913023.jpg;6;0.097;12, Jalan Tampoi 7/4,Kawasan Perindustrian;0
X51006414679.jpg;28;0.483;BELACAN FRIED RICE;1
X51008142059.jpg;1;0.029;(0005583085-K);0
X51006388064.jpg;28;0.933;ONG GUAT CHYE;1
X51005433553.jpg;0;0.0;YHM Aeon Tebrau City;0
X51005763940.jpg;23;0.767;803216 801817 NORSHAF IKA;0
X51005676549.jpg;9;0.3;Doc No : CS00012504 Date 02/01/2018;0
X51006913031.jpg;26;0.464;$6.60;0
X51005719856.jpg;10;0.385;POS No : DPC11;0
X00016469622.jpg;4;0.154;81100 JOHOR BAHRU;0
X51005745190.jpg;27;0.659;9556065000345 1 17.20 ZR;0
X51005724627.jpg;2;0.062;LOT 276 JALAN BANTING;0
X51006913055.jpg;7;0.108;12/05/2018 15:16;0
X51005433538.jpg;1;0.04;12/03/2018 18:19;0
X51008142038.jpg;1;0.059;LOT P.T. 2811, JALAN ANGSA,;0
X51007846410.jpg;30;0.441;0.00 0.00 SR;0
X51005715010.jpg;5;0.179;USJ Summit, Subang (SS);0
X51007339131.jpg;0;0.0;SANYU STATIONERY SHOP;0
X51006414485.jpg;41;0.621;Amount($);0
X51006913054.jpg;33;0.559;0,68;0
X51006466056.jpg;6;0.182;Selangor;0
X51006912972.jpg;21;0.323;SR 100100000006- Pork;1
X51005268200.jpg;7;0.206;S8°0 9 SIVI SS;0
X51008142030.jpg;12;0.462;Omellete Item;1
X51005568880.jpg;17;0.459;S*;0
X51006557184.jpg;0;0.0;GARDENIA BAKERIES (KL) SDN BHD (139386 X);0
X51007262315.jpg;6;0.182;No.3, Jalan SS21/39,47400 Petaling Jaya;0
X51008099087.jpg;1;0.045;M-603330100;0
X51006619550.jpg;12;0.324;VIP Disc. 10.00% -5.30;0
X51006557188.jpg;13;0.382;VE0S: Ridzuan (11900);0
X51006733494.jpg;26;0.812;RM0,00;0
X51005442344.jpg;3;0.097;TAMAN AIR BIRU.;0
X51005663324.jpg;32;0.653;10' 2 X 3;0
X51006414718.jpg;36;0.643;20/04/2018 20:48 1009 001 0010411;0
X51006857660.jpg;21;0.583;#1120472 1 @ 8.50 SR 8.50;0
X51006335552.jpg;27;0.474;RAMBUTAN BERAS SST SX 10KG;1
X51006555570.jpg;26;0.667;DISC 0.00;0
X51005676538.jpg;0;0.0;SYARIKAT PERNIAGAAN GIN KEE;0
X51006555817.jpg;9;0.273;GROUND FLOORNO. 4 & 6,;0
X51006334699.jpg;15;0.441;BUDGET TOILET ROLL 20'S;1
X51006557164.jpg;1;0.03;Lot 3, Jalan Pelabur 23/1,;0
X51007231336.jpg;18;0.281;Item Qty;0
X51005663293.jpg;12;0.333;Smoked Duck Spaghetti;1
X51005447840.jpg;15;0.5;WALL'S TOPTEN CHOCOLATE 73ML;1
X51007339158.jpg;22;0.733;INV NO: CS-SA-0097491 Date : 19/07/2017;0
X51007339648.jpg;19;0.559;DISC 0.00;0
X51006557195.jpg;21;0.6;SQ-CHOCMLT 0.84 0 9 0 -9 -7.56;0
X51007846366.jpg;44;0.647;0306651 PJ NUR AYU;0
X51005301667.jpg;19;0.352;SR;0
X51005444033.jpg;4;0.143;Lot 6, Jalan Batai,;0
X51005711445.jpg;29;0.967;SR (x9 0) 6.62;0
X51006828217.jpg;19;1.0;Keep the invoice for applicable returns;0
X51006311780.jpg;5;0.125;433O0 SERI KEMBANGAN, SELANGOR;0
X51005719882.jpg;7;0.438;09:04PM 569319 17-02-18;0
X51008042782.jpg;11;0.423;2 x 2.20 4.40 SR;0
X51006414485.jpg;19;0.288;Qty;0
X51005442344.jpg;6;0.194;TEL :07-2614733 FAX: 07-2514733;0
X51006620191.jpg;2;0.095;No.5, Jalan SS16/1;0
X51007339114.jpg;32;0.941;PURCHASE DATE FOR I.T PRODUCT WARRANTY;0
X51007339094.jpg;9;0.3;1.7002-0014 SONOFAX - EC THERMAL ROLL;1
X51007846451.jpg;52;0.839;9;0
X51005433553.jpg;13;0.419;FG-A00019 1 1.50 1,50 SR;0
X51008099043.jpg;13;0.52;1 x 2.10 2.10 ZRL;0
X51005361946.jpg;18;0.562;S*;0
X51006912974.jpg;9;0.141;UNIHAKKA INTERNATIONAL SDN BHD;0
X51007339110.jpg;20;0.69;SR @ 6% 1.89 0.11;0
X51006466056.jpg;14;0.424;1.00 3.90 3.90;0
X51006414633.jpg;32;0.471;$0.00;0
X51005806703.jpg;18;0.643;1 UNIT * 10.00 0.00 10.00 SR;0
X51005442394.jpg;15;0.577;Payment Mode Amount;0
X51006555125.jpg;6;0.4;Date : 25/09/2017 01:48:57 PM;0
X51005444045.jpg;1;0.067;LOT P.T, 28II, JALAN ANGSA,;0
X51006557213.jpg;8;0.25;MAKASSAR FRESH MARKET SDN BHD;0
X51006913031.jpg;12;0.214;Tampoi, 81200 Johor Bahru, Johor;0
X51007339158.jpg;0;0.0;SANYU STATIONERY SHOP;0
X51005715456.jpg;4;0.129;TAMAN LEMBAH MAJU;0
X51008042782.jpg;3;0.115;Seksyen 9, Bandar Mahkota Cheras,;0
X51008164969.jpg;18;0.581;1 D 3.00 SR;0
X51006387971.jpg;11;0.478;066 HILD FUZE 3INI ORIGINAL RM13.65 s;1
X51005361898.jpg;3;0.086;SELANGOR DARUL EHSAN;0
X51006619341.jpg;13;0.565;9066245 1 X 2.70 2.70;0
X51008142061.jpg;22;0.647;TT1 12 178.08;0
X51008128065.jpg;8;0.5;2249 CARLSBERG SMOOTH DRAUG RM14.30 s;1
X51005757199.jpg;12;0.462;W/ENV4.5*9.5 1.90 T;0
X51007339653.jpg;5;0.147;(X) UI3/X, SETIA ALAM;0
X51006414733.jpg;72;0.911;01/04/2018 12:53;0
X51006466060.jpg;9;0.45;C01 KL 001 038354;0
X51006857660.jpg;13;0.361;Point 496;0
X51007103599.jpg;1;0.04;MR. D.I.Y. (M) SDN BHD;0
X51006556839.jpg;29;0.879;required to make necessary adjustments to its;0
X51005447860.jpg;22;0.815;19/02/2018 16:45 5132 002 0026157;0
X51006619561.jpg;17;0.378;5)9316254866387 VITAM0RE EPO 1000MG;1
X51008099102.jpg;15;0.417;T2Unagi Temaki;1
X51005301667.jpg;43;0.796;Qty ^ Int : 2.0;0
X51006335314.jpg;11;0.423;C14 (M);0
X51005663280.jpg;10;0.244;30/12/2017 18:40;0
X51006008086.jpg;0;0.0;POPULAR BUOK;0
X51006414636.jpg;15;0.197;"{n-}$ g40*g r***t 4462* ***** **+* L3  ""a1 eu * 4";0
X51005605335.jpg;23;0.767;T @ 6% 19.79 1.19;0
X51005230617.jpg;6;0.182;Level 6, Bangunan TH, Damansara Uptown3;0
X51005442341.jpg;8;0.667;DPT.05 RM 149.00;0
X51005663297.jpg;33;0.5;BENANG NYLON #1B;1
X51005663293.jpg;28;0.778;14/02/2018;0
X51005757248.jpg;22;0.688;Invoice No: 2013031210080010139;0
X51005301659.jpg;2;0.077;NO.113G & 115G, JALAN SETIA GEMBILANG;0
X51006557508.jpg;14;0.412;Description U.P Iss Exc D Sale Amt(RM);0
X51006557198.jpg;21;0.6;SQ-CHOCMLT 0.84 12 0 0 12 10.08;1
X51005568880.jpg;18;0.486;HSS TWIST DRILL 5.5*;1
X51005676543.jpg;19;0.655;Discount : 0.00;0
X51008030560.jpg;2;0.087;BANDAR MAHKOTA CHERAS,;0
X51006414429.jpg;48;0.75;SR I00100000035- 1 Meat + 3 Vege;1
X51006414599.jpg;45;0.643;Sign:;0
X51007103639.jpg;3;0.091;KAWASAN PERINDUSTRIAN BALAKONG,;0
X00016469619.jpg;24;0.96;Goods Sold Are Not Returnable;0
X51008142062.jpg;20;0.556;101870  6500 00 68.90 SR;0
X51005676540.jpg;29;0.935;SR 6 109.70 6.58;0
X51007846270.jpg;15;0.246;RM-0.20;0
X51007846412.jpg;75;0.938;Csh:C1337 LEE FING TING *;0
X51006913074.jpg;54;0.844; Pua;0
X51006334926.jpg;18;0.621;L Fries;1
X51006556732.jpg;8;0.25;MAKASSAR FRESH MARKET SDN BHD;0
X51006466060.jpg;11;0.55;S RM1.38;0
X51006557117.jpg;9;0.281;GROUND FLOOR, NO. 4 & 6,;0
X51005719873.jpg;30;0.833;0.48;0
X51005806679.jpg;32;0.561;1097;0
X51006619496.jpg;4;0.16;1320-TMN BATU;0
X51007846302.jpg;44;0.746;5 15.39 0.00;0
X51008122920.jpg;25;0.962;SR @ 6% 2 17.93 1.08;0
X51005719917.jpg;41;0.976;Dommal Food Services Sdn Bhd;0
X51005663297.jpg;53;0.803;565.50;0
X51005442379.jpg;4;0.154;Tampoi,81200 Johor Bahru, Johor;0
X51006414636.jpg;36;0.474;"$0n  "" .   7# * PE  7*+:9** searg. 49";0
X51006557168.jpg;32;0.97;Adjus tment Note;0
X51008099083.jpg;4;0.125;43200 Cheras, Selangor;0
X51005719886.jpg;5;0.238;NO;0
X51006557117.jpg;13;0.406;DD: 30/10/2017 12:30;0
X51006557199.jpg;12;0.353;VE05: Ridzuan (11900);0
X51005568884.jpg;2;0.095;LOT 1851-A & 1851-B, JALAN KPB 6,;0
X51005442333.jpg;10;0.357;SR 100100000006-Pork;1
X51006619785.jpg;0;0.0;eCosway.com S0N 8HD (509213A);0
X51005745190.jpg;3;0.073;NO. 1 Jalan Euro 1;0
X51005676540.jpg;1;0.032;(81109-A);0
X51006557508.jpg;1;0.029;Lot 3, Jalan Pelabur 23/1,;0
X51006008057.jpg;13;0.295;Qty Description Price;0
X51006414720.jpg;32;0.696;Goods Sold Are Not Returnable & Refundable;0
X51006556591.jpg;2;0.062;40300 Shah Alam, Selangor.;0
X51008123451.jpg;21;0.955;SR@0% 1 48.00 0.00;0
X51009453804.jpg;12;0.5;75g- White (new) @ 5.6600;1
X51007339098.jpg;29;1.0;Follow us in Facebook : Sanyu.Stationery;0
X51005568827.jpg;25;0.833;Closed: 29-10-2017;0
X51007231370.jpg;43;0.623;TEL:07-2343 111;0
X51006389884.jpg;6;0.214;INVOICE NO : 18224/102/T0496;0
X51005757290.jpg;2;0.074;(CO.REG :860671-D);0
X51005442376.jpg;0;0.0;UNIHAKKA INTERNATIONAL SDN BHD;0
X51007103643.jpg;6;0.188;(IOI PUCHONG);0
X51005587254.jpg;3;0.086;Seksyen 2.5, 40400 Shah Alam Selangor;0
X51005447840.jpg;14;0.467;1 WALK 1.60 1.60 1.60 ZRL;1
X51006414677.jpg;12;0.197;t0m ad;0
X51007846269.jpg;25;0.403;RM5.18 ,;0
X51008164997.jpg;17;0.515;D 5.00 SR;0
X51005301659.jpg;12;0.462;RM Code;0
X51006466066.jpg;24;0.706;Serv. Charge (10%): 3.56;0
X51006620190.jpg;8;0.348;TISSUE BOX ZXD-19 S*;1
X51005568884.jpg;17;0.81;24-11-17 13:11 SH01 ZT09 T2 R000011248;0
X51005433514.jpg;1;0.038;03/03/2018 18:22;0
X51006913059.jpg;24;0.353;1;0
X51007339106.jpg;3;0.088;Mobile /Whatsapps : +6012-918 7937;0
X51006441473.jpg;28;0.8;Dispensed medicines sold are;0
X51007339135.jpg;4;0.138;Tel: +603-3362 4137;0
X51006554833.jpg;17;0.531;(S SIZE) SUPER SAFE LATEX GLOVE POWDER F;1
X51005447832.jpg;0;0.0;PETRODELI ENTERPRISE;1
X51006557164.jpg;15;0.455;O.C. WHITE 2.13 3 0 0 3 6.39;1
X51006620176.jpg;1;0.048;Co-REG:750441-W;1
X51006334699.jpg;16;0.471;1 x 12.61 12.61 S;0
X51005587254.jpg;28;0.8;Print Date: 13/03/2017 03:00:44PM;0
X51006335547.jpg;10;0.5;201026 SCONE - M 1 7.50 0 7.50 5;1
X51008099049.jpg;11;0.367;15 Jun 1808:34:31 PM;0
X51005568829.jpg;17;0.486;KAilAn veinM;0
X51007339120.jpg;23;0.719;SR @ 6% 8.77 0.53;0
X51005442378.jpg;0;0.0;TQ FOR SHOPPING WITH myNEWS.COM;0
X51005301667.jpg;52;0.963;37.55 2.25;0
X51007103681.jpg;8;0.421;BRUSH 1.5' 628 S;1
X51006913019.jpg;11;0.131;141 - ;0
X51005442384.jpg;10;0.385;SR I00100000060- 4 Vege;1
X51007231361.jpg;37;0.569;SS 1 6.90 6.90;0
X51005433492.jpg;3;0.12;Jalan Tampoi 7/4,Kawasan Perindustrian;0
X51007846353.jpg;45;0.75;21.85 .;0
X51006414700.jpg;3;0.055;JLN JEJAKA, TAMAN MALURI;0
X51007339133.jpg;1;0.034;NO. 31G&33G, JALAN SETIA INDAH X ,U13/X;0
X51005447848.jpg;16;0.432;517 1 14.73 14.73 SR;0
X51006387740.jpg;3;0.115;47400 PETALINC JAYA;0
X51005568911.jpg;22;0.595;HI ISI SSH 6*160MM S*;1
X51006913028.jpg;50;0.794;F;0
X51005433541.jpg;21;0.84;BAR WANG RICE@PERMAS JAYA;0
X51007339164.jpg;25;0.758;INV NO: CS-SA-0126902 Date: 26/11/2017;0
X51007846412.jpg;7;0.087;LOT G29 & G30, AEON MA11 TEBRAU CITY,;0
X51006414721.jpg;29;0.483;Payment 10.00;0
X51008042778.jpg;8;0.296;Date;0
X51006387812.jpg;2;0.067;LOT F21 & 22, CITTA MALL;0
X51006913007.jpg;25;0.338;303027 C00K KN;0
X51006387847.jpg;30;1.0;1.124;0
X51005200938.jpg;36;0.947;JM0325955-V;0
X51006414679.jpg;25;0.431;THAIICE TEA;1
X51005605333.jpg;8;0.286;07/01/18 14:41 Slip No.: 7010385084;0
X51005745296.jpg;15;0.429;Tako Ball;1
X51006556838.jpg;20;0.588;CR-CORN 0.72 20 0 0 20 14.40;1
X51007846393.jpg;14;0.237;Date : 20/06/2018 18:07:10;0
X51005677328.jpg;5;0.185;TEL :03-40210276;0
X51006414638.jpg;19;0.268;SEAFOOD;1
X51006619758.jpg;17;0.895;1.9 = 5 12.82 .76;0
X51007846366.jpg;55;0.809;TEL 1-300-80-AEON (2366);0
X51007231365.jpg;52;0.693;50.00;0
X51007103599.jpg;15;0.6;99999 1 X 0.20 0.20;0
X51005719814.jpg;3;0.125;19-1, JALAN MALINJA 2, TAMAN BUNGA RAYA,;0
X51006441473.jpg;0;0.0;Tissue 2 Hand Wosh;1
X51006556726.jpg;25;0.781;E.&.0.E.;0
X51007846270.jpg;13;0.213;TAKE AWAY;0
X51005749895.jpg;1;0.029;Co-REG:360671-D;0
X51006335552.jpg;42;0.737;1 CTN;1
X51006679222.jpg;3;0.115;COFFEE;1
X51007103639.jpg;2;0.061;LOT 1851-A & 1851-B, JALAN KPB 6,;0
X51006857660.jpg;22;0.611;PUNCHER MAX DP-F2BN;1
X51006619341.jpg;9;0.391;TU21 -6/72;0
X00016469672.jpg;31;0.795;HD40 1L COTIN;1
X51006620186.jpg;33;0.805;RM 32.00;0
X51006620414.jpg;34;0.919;SR = 6%;0
X51006913030.jpg;29;0.426;$4.80;0
X51005749912.jpg;1;0.042;Co-REG:860671-D;0
X51006619709.jpg;29;0.644;FREE 2016 CNY RED PACKET *S;1
X51005711452.jpg;11;0.393;MFY Side 1;1
X51008142059.jpg;8;0.235;SUCI ALAM JAYA TRANSPORT;0
X51005806679.jpg;20;0.351;1012;0
X51006620161.jpg;8;0.25;MON-SAT 7.30am-6.00pm;0
X51006733494.jpg;21;0.656;RM1.92;0
X51005715451.jpg;11;0.393;Deseription Amount;0
X51005719904.jpg;28;0.966;001-3246[1];0
X51006619780.jpg;3;0.136;52100 Kuala Lumpur;0
X51006913073.jpg;57;0.838;Q;0
X51005763940.jpg;1;0.033;Harvey Norman M'sia Paradigm Mall;0
X51006912972.jpg;44;0.677;774;0
X51008114321.jpg;10;0.417;Fuel Save 95 RM 100.00 C;1
X51005719862.jpg;15;1.0;7.9 = $ 3.49 .21;0
X51008042783.jpg;17;0.654;1 L Fries;1
X51005719883.jpg;7;0.412;07:44PM;0
X51006327976.jpg;31;0.838;Terns and conditions appplied.;0
X51008164999.jpg;3;0.091;43800 DENGKIL, SELANGOR.;0
X51008164999.jpg;8;0.242;Date 23-06-2018 20:52:16;0
X51005605284.jpg;8;0.276;CB# : 398313 23/03/2018 3:13:19;0
X51007231365.jpg;56;0.747;21.50;0
X51006414671.jpg;14;0.206;Invoice # : OR18041902170358;0
X00016469672.jpg;15;0.385;1072 1 80.00 80.00 80.00;0
X51006392313.jpg;1;0.023;(590150-A);0
X51005361897.jpg;1;0.026;(001451637-M);0
X51006311758.jpg;15;0.429;Disc 10.00% -5. 59;0
X51006619698.jpg;1;0.045;Co-REG:860671-D;0
X51005724627.jpg;9;0.281;NO 1 JALAN AMAN 2;0
X51008145450.jpg;5;0.192;Tel:04-227 2222;0
X51007225442.jpg;6;0.222;(TESCO EXTRA ARA DAMANSARA);0
X51007339098.jpg;0;0.0;SANYU STATIONERY SHOP;0
X51006392273.jpg;3;0.13;40150 Shah Alam,Selangor D.E.;0
X51005303661.jpg;15;0.357;0;0
X51008128062.jpg;2;0.095;002693074-K;0
X51005663298.jpg;16;0.471;Maghgout Lamb w 1Sl;1
X51006328919.jpg;12;0.6;SUB TOT 7.00;0
X51005711442.jpg;10;0.4;Kopi (B);1
X51006856981.jpg;17;0.567;Your savings for today 3 n49;0
X51006557213.jpg;13;0.406;DD: 01/10/2017 11:07;0
X51007339164.jpg;2;0.061;40170 SETIA ALAM;0
X51006414533.jpg;18;0.333;57381;0
X51006556818.jpg;10;0.303;JALAN SS 15/4B,;0
X51005719882.jpg;2;0.125;TAMAN BERKELEY;0
X51005745188.jpg;1;0.038;NO.15,JLN TSJ2, TMN SUBANG JASA,;0
X51005719899.jpg;0;0.0;NYONYA COLORS @ 1 UTAMA;0
X51005442386.jpg;24;0.889;Like and Follow Us on Facebook!;0
X51006556604.jpg;17;0.515;O C JUMBO 2.97 5 7 0 3 8.91;1
X51005442394.jpg;11;0.423;$1.10 1 $1.10;0
X51005433494.jpg;19;0.792;06/03/2018 20:01 1010 008 0080498;0
X51007135037.jpg;14;0.519;INVOICE;0
X51005453729.jpg;22;0.88;(RM) (RM);0
X51006913024.jpg;18;0.265;$7.10;0
X51006555806.jpg;1;0.03;Lot 3, Jalan Pelabur 23/1,;0
X51005663278.jpg;16;0.615;99990070l Dark Chocolate 70% U;1
X51006619709.jpg;8;0.178;TISSUE HOLDER Z-66#*VS S*;1
X51007846325.jpg;22;0.324;$\frac{}$;0
X51005685355.jpg;26;0.929;<PLEASE COME AGAIN>;0
X51007339107.jpg;31;0.969;PURPOSE **;0
X51006882603.jpg;1;0.025;Eco-Shop Marketing Sdn Bhd;0
X51007846357.jpg;13;0.2;06:31;0
X51005200938.jpg;3;0.079;6.37 1L90L g SR;0
X51005719886.jpg;1;0.048;<484297-M>;0
X51007339651.jpg;4;0.118;NO. 17-6, JALAN SETIA INDAH;0
X51007339656.jpg;30;0.882;SN ONISOOKO OH NOL INVHL;0
X51007231370.jpg;9;0.13;BUKIT INDAH;0
X51006555784.jpg;0;0.0;GARDENIA BAKERIES (KL) SDN BHD (139386 X);0
X51006388066.jpg;17;0.708;Tender;1
X51006733494.jpg;0;0.0;Kedai Uhat Dan Runcit CHONG HWA;0
X51007339097.jpg;15;0.517;Round Adj 0.00;0
X51006414636.jpg;31;0.408;Anount;0
X51007103692.jpg;4;0.154;KAWASAN PERINDUSTRIAN BALAKONG,;0
X51008123580.jpg;0;0.0;MR. D.I.Y. (M) SDN BHD;0
X51006556656.jpg;8;0.235;MAKASSAR FRESH MARKET SDN BHD;0
X51006329402.jpg;1;0.045;Goods Sold Ar:. Not Returnable. TO;0
X51008099102.jpg;7;0.194;Table 9;0
X51006557508.jpg;27;0.794;E.&.0.E.;0
X51005719873.jpg;32;0.889;Sign up for a Tealive UniTea Card;0
X51008164524.jpg;1;0.043;(CO.REG : 860671-D);0
X51006311758.jpg;16;0.457;LGG PORE TIGHTENING COOLING PA3Og [SR];1
X51008114321.jpg;21;0.875;03/06/18 00:23 34001 01 5093 868;0
X51005568913.jpg;0;0.0;IKANO HANDEL SDN BHD;1
X51005719896.jpg;27;0.964;24 NOVEMBER 2017 - 4 MARCH 2018;0
X51006620414.jpg;2;0.054;(894996-D);0
X51006414733.jpg;0;0.0;AEON CO. (M) BHD (126926-H);0
X51008164997.jpg;24;0.727;148.50;0
X51006913074.jpg;12;0.188;Orcer : 1131 BY :WEB 30503;0
X51005453801.jpg;14;0.56;6.0080XS X 17.00 102.00 SR;0
X51007231361.jpg;59;0.908;ZR 0%;0
X51007339136.jpg;39;1.0;Follow us in Facebook : Sanyu.Stationery;0
X51006329399.jpg;0;0.0;LIVE9 PHARHACY SDN BHD;0
X51005301667.jpg;13;0.241;Code : 300-E0009;0
X51006555072.jpg;22;0.88;Customer Copy;0
X51007339152.jpg;11;0.379;1 X 4.5000 4.50 SR;0
X51006008074.jpg;4;0.148;TEL 03-55250588;0
X51007339118.jpg;1;0.034;NO. 31G&33G, JALAN SETIA INDAH X ,U13/X;0
X51006466778.jpg;4;0.222;bakery 000965911·p;0
X51005433533.jpg;25;0.51;"SR: 2"" LAMBWOOL YANDA ROLLER REFIL - 20 PCS";1
X51007339651.jpg;30;0.882;THANE YOU FOR CHOOSING US.;0
X51005444037.jpg;1;0.024;PERI-PERI CHICKEN;1
X51006414713.jpg;63;0.768;Payment Details $;0
X51008142032.jpg;13;0.382;0 15.00 SR;0
X51006620189.jpg;22;0.667;706 BINTANG TEPUNG JAGUNG 4 RM1.35 s;0
X51009453804.jpg;21;0.875;SR@A 11.32 068;0
X51005605284.jpg;5;0.172;03-41318972;0
X51005433552.jpg;2;0.077;JALAN PERMAS UTARA 1.;0
X51005757248.jpg;1;0.031;3rd Flr, aeon taman MalurI Sc;0
X51006556732.jpg;27;0.844;The recipient of Gardenia's products is;0
X51005806679.jpg;54;0.947;6 353.00 21.18;0
X51006414431.jpg;15;0.234;Tampoi, 81200 Johor Bahru,Johor;0
X51005361883.jpg;27;0.818;SR 6.00 4.60;0
X51006912974.jpg;42;0.656;BAR WANG RICE@PERMAS JAYA;0
X51006714065.jpg;3;0.136;TEL : 03-87238214  FAX : 03-87230508;0
X51005337872.jpg;17;0.68;TEA(HOT);1
X51007231374.jpg;23;0.365;ì;0
X51006555570.jpg;6;0.154;47500 SUBANG JAYA, SELANGOR;0
X51006913068.jpg;27;0.458;1 L FiletOFish;1
X51006387971.jpg;4;0.174;1313-SUBAN6 BESTARI;0
X51005433541.jpg;10;0.4;SR I00100000006- Pork;1
X51005806679.jpg;37;0.649;1 22.00 23.32 33.32 S.R;0
X51006557170.jpg;8;0.258;MAKASSAR FRESH MARKET SDN BHD;0
X51006008073.jpg;2;0.083;NO 18, 20, 22, JALAN BUNGA TANJONG 2/16.;0
X51006414638.jpg;23;0.324;1 1.10 SR;0
X51006414733.jpg;64;0.81;50.13 3.01;0
X51005442338.jpg;13;0.419;1 VEGETABLES 8.00 ZRL;1
X51005711453.jpg;3;0.12;formerly known as;0
X51007339657.jpg;16;0.444;"1/2"" PVC BIB TAP ??";1
X51006619698.jpg;3;0.136;KAWASAN PERINDUSTRIAN BALAKONG,;0
X51008145504.jpg;21;0.808;Received 150.00;0
X51006913054.jpg;18;0.305;ITEM: 2;0
X51005745249.jpg;1;0.034;Subway#42210-0 Phone 03-78870693;0
X51006554833.jpg;16;0.5;03022 14.00 14.00 S;0
X51006555817.jpg;12;0.364;VEOS: Ridzuan(11900);0
X51005712038.jpg;20;0.645;Qty 6 Spec.Disc 0.00;0
X51005745190.jpg;16;0.39;12/02/2018 11:34;0
X51005719856.jpg;3;0.115;City. No1 Medan Syed Putra Utara Kuala;0
X51005676541.jpg;3;0.091;SETAPAK,;0
X51005745190.jpg;30;0.732;QUANTITY : 10 Units 367-10;0
X51006329399.jpg;8;0.242;RECBIFT #: CS0016842D DATE: 31/03/3017;0
X51007103578.jpg;0;0.0;MR. D.I.Y. (M) SDN BHD;0
X51005587254.jpg;24;0.686;1;0
X51006327978.jpg;15;0.536;51580020 CAP LANG JAGUNG MANIS 425GM;1
X51005745190.jpg;29;0.707;9554100157801 1 7.90 SR;0
X51005230617.jpg;2;0.061;(65351-M);0
X51006679216.jpg;1;0.027;FTOF NOODLE HOUSE;1
X51008164999.jpg;1;0.03;(1120908-M);0
X51005605285.jpg;22;0.846;0305215 DIANA BINTI JASMAN;0
X51006387812.jpg;18;0.6;S 4.71 3 9,80 0.28 4.95;0
X51006619561.jpg;37;0.822;8.70;0
X51007339113.jpg;2;0.067;40170 SETIA ALAM;0
X51005268262.jpg;12;0.462;RM Code;0
X51005442344.jpg;18;0.581;"1/8-3/4"" 12PCS HOLLOW PUNCH SET 68 1o";1
X51007339642.jpg;15;0.441;079567600084 1 14.00 14,00 s;0
X51005447833.jpg;17;0.708;Points Awarded: 39;0
X51005676547.jpg;25;0.926;SR 9 ·12.00 0.72;0
X51005447839.jpg;15;0.556;1 16.00 0.00;0
X51005663293.jpg;18;0.5;Rendang Chicken Rice;1
X51007231336.jpg;37;0.578;$0.00;0
X51007339115.jpg;4;0.133;Tel: +603-3362 4137;0
X00016469620.jpg;13;0.433;9066468 1 X 8.02 8.02;0
X51007339094.jpg;2;0.067;40170 SETIA ALAM;0
X51007846412.jpg;69;0.863;assistance OR drop us an email. ;0
X51005757243.jpg;7;0.28;Tel : 03-80709188 / 80757830;0
X51005757201.jpg;5;0.098;SHOPPING HOURS;0
X51007339151.jpg;14;0.467;Discount 0.00;0
X51006857071.jpg;12;0.414;NAME CARD;0
X51008114216.jpg;2;0.091;LOT 1851-A & 1851-B, JALAN KPB 6,;0
X51007339166.jpg;22;0.667;INV NO: CS-SA-0128324;0
X51007846410.jpg;37;0.544;Service Charge  0.00;0
X51007846357.jpg;33;0.508;*RUNCIT;0
X51005719917.jpg;4;0.095;D-08, M Avenue , Jln 1 / 38A;0
X51008099083.jpg;28;0.875;Amount(RM);0
X51005745214.jpg;21;1.0;Keep the invoice for applicable returns;0
X51006619765.jpg;11;0.229;9032550 1 X 14.90 14.90;0
X51005663311.jpg;4;0.143;Tel & Fax No : 03-6258 7191;0
X51007846305.jpg;40;0.488;18.90SR;0
X51005712038.jpg;8;0.258;005002(BATANGKALI-2) 8;1
X51006414519.jpg;9;0.141;Company No: JM0632980-V;0
X51006327976.jpg;0;0.0;PREMIO;0
X51005663279.jpg;13;0.464;1971 1 148.40 148.40 SR;0
X51006414711.jpg;29;0.414;14.80 45.70;0
X51006867435.jpg;10;0.37;IUIAL (GSI INCL) 2.28;0
X51006557185.jpg;3;0.088;Tel:03-55423228 Fax503-55423213;0
X51007339136.jpg;37;0.949;PURCHASE DATE FOR I.T PRODUCT WARRANTY;0
X51005303661.jpg;11;0.262;Bill Start: 20/12/2017 07:10:35 PM;0
X51007339150.jpg;23;0.767;Goods sold are not Returnable & Refundable;0
X51005719914.jpg;11;0.256;CORD TIE 3PCS S*;1
X51006620414.jpg;3;0.081;Lot NO : 20, Level UG1, Publika Solaris;0
X51008114321.jpg;1;0.042;Company No: MA0057302-M;0
X51006388064.jpg;9;0.3;CB# : 59581331715 14/May/2017 02:56:39;0
X51008145450.jpg;16;0.615;NNO BEH TEH SAW 8PCS @8.00 16.00 SR;1
X51007339639.jpg;3;0.086;ALAMT SDN BIID;0
X51006311780.jpg;30;0.75;Item(s) : 7 Qty(s.) : 8;0
X51007846357.jpg;45;0.692;RMO.00;0
X51006882603.jpg;17;0.425;"PLIERS 6"" 110G 120PCS(PELAYAR";1
X51005705722.jpg;16;0.533;SR: HAGER TIMER, 24HRS POWER RESERVE;1
X51006414712.jpg;18;0.228;Order Time : 13:19:29;0
X51006619709.jpg;3;0.067;KAWASAN PERINDUSTRIAN BALAKONG,;0
X51005719899.jpg;4;0.19;MC #01;0
X51006327978.jpg;14;0.5;1 58.00 58.00 SR;0
X51006387953.jpg;8;0.364;POSTE;0
X51005268262.jpg;23;0.885;SR @ 6% 15.00 0.90;0
X51007339126.jpg;13;0.406;2.9100-0007 CUTTING CHARGES;1
X51007846269.jpg;8;0.129;UNIHAKKA INTERNATIONAL SDN BHD $;0
X51007339098.jpg;1;0.034;NO. 31G&33G, JALAN SETIA INDAH X ,U13/X;0
X51006882603.jpg;40;1.0;Again;0
X51005806702.jpg;13;0.565;ROYAL GOLD LUXURIOUS KITCHEN TOWEL;1
X51005724627.jpg;18;0.562;101756 10 16.50 17.49 174.90 SR;0
X51005200938.jpg;1;0.026;GOODS SOLD ARE NOT RETURNABLE.;0
X51006913074.jpg;21;0.328;x;0
X51008123451.jpg;12;0.545;Item Name Qty Unit Price Amount;0
X51006882603.jpg;16;0.4;65045039@2.33 1 2.33;0
X51005676543.jpg;2;0.069;NO 290, JALAN AIR PANAS,;0
X51006619496.jpg;16;0.64;@2 X RM 2.99;0
X51005715010.jpg;24;0.857;Opening_Ba lance 2264;0
X51005255805.jpg;0;0.0;SAM SAM TRADING CO;0
X51006328919.jpg;10;0.5;PRINTED: 10/02/2017 01:09:47 PM RM;0
X51007339135.jpg;21;0.724;INV NO: CS-SA-0122588 Date: 06/11/2017;0
X51006912960.jpg;34;0.756;v;0
X51007339120.jpg;13;0.406;"3.5""x6""";0
X51006713996.jpg;5;0.172;TEL: 603-90213004 FAX: 603-90213004;0
X51005711456.jpg;18;0.474;1 x 19.80 19.80 SR;0
X51005685355.jpg;7;0.25;NVOICE # 1-161696;0
X51006557199.jpg;30;0.882;required to make necessary adjustnents to its;0
X51006387740.jpg;4;0.154;TEL : 03-77271129 FAX 03-77278929;0
X51006393377.jpg;20;0.625;371 BIN BIN RICE CRACKER 15 RM11.90 s;1
X51006557164.jpg;3;0.091;Tel:03-55423228 Fax:03-55423213;0
X51005447861.jpg;20;0.556;Member Discount -2.09;0
X51006387813.jpg;1;0.025;TOKYO KITCHEN SDN BHD;0
X51006387932.jpg;2;0.091;SECTION U6, 40150 SHAH ALAM.;0
X00016469623.jpg;12;0.364;WA44-A - 12;0
X51006557188.jpg;20;0.588;CR-CHOCLT 0.72 0 3 0 3 -2.16;1
X51006557213.jpg;17;0.531;O.C JUMEO 2.97 5 0 0 5 14.85;1
X51005568913.jpg;10;0.435;Time:1:12;0
X51006557178.jpg;12;0.375;VE0S: Ridzuan (11900);0
X51006556732.jpg;17;0.531;O.C JUMBO 2.97 3 1 0 2. 5.94;1
X51006620189.jpg;7;0.212;10:12AM 560272 11-05-16;0
X51006414713.jpg;9;0.11;81100 Johor Bahru, Johor.;0
X51008099102.jpg;3;0.083;JLN TEMENGGUNG 13/9,;0
X51005365179.jpg;1;0.04;(481500-M);0
X51006913054.jpg;5;0.085;Tel:016-7780546;0
X51008123586.jpg;13;0.565;1 4.50 0.00 4.50 SR;0
X51005306399.jpg;17;0.708;Points Awarded 35;0
X51007339643.jpg;31;0.912;PLS PROVIDE ORIGINAL BILL FOR GOODS;0
X51006388069.jpg;21;0.568;0.434 x 39.90 17.32 Z;0
X51006867435.jpg;19;0.704;Goods sold are non-retundable.;0
X51006008086.jpg;4;0.133;No 8, Jalan 7/118B, Desa Tun Razak;0
X51006414485.jpg;15;0.227;Tampoi, 81200 Johor Bahru, Johor;0
X51005442338.jpg;3;0.097;81750 PLENTONG, JOHOR.;0
X51006008086.jpg;11;0.367;PB SHT/P 1IH A4 50'S 15.90 T;0
X51005717526.jpg;13;0.419;INV#001881904569068;0
X51006555784.jpg;7;0.226;VE0514 Date: 30/08/2017;0
X51008114262.jpg;9;0.45;E8 X RM 16.85;0
X51005268472.jpg;29;0.547;MINUTE MAID PULPY [OREN] [350ML];1
X51007846391.jpg;49;0.754;Like and Follow Us on Facebook!;0
X51007339113.jpg;21;0.7;SR @ 6% 5.47 0.33;0
X51006619561.jpg;2;0.044;52100 Kepong, KL;0
X51006441473.jpg;25;0.714;At Guardian;0
X51005568914.jpg;25;1.0;620000011000140428*;0
X51005719896.jpg;20;0.714;"%0 159 :Z 00""0 00'0";0
X51006619777.jpg;8;0.421;8019 MARIGOLD HL MILK 1L RM13.58 s;1
X51007225417.jpg;4;0.133;Ara Damansara, 47301;0
X51006414599.jpg;13;0.186;TEL : 07-364 3785;0
X51006414675.jpg;58;0.817;We are compliant to the PDpA 2o10.;0
X51006556646.jpg;8;0.242;MAKASSAR FRESH MARKET SDN BHD;0
X51006414703.jpg;23;0.434;1x 000001057436 18.29SR;0
X51005719902.jpg;7;0.292;Inv No :KSB80051978 Date:11/03/18 21:30;0
X51006414470.jpg;47;0.746;Facebook.com/BarWangRice *;0
X51005806679.jpg;16;0.281;Item;0
X51007846309.jpg;47;0.644;0.00;0
X51005712017.jpg;4;0.16;No.3, Jalan SS21/39,47400 Petaling Jaya;0
X51006414712.jpg;49;0.62;2.24;0
X51007846350.jpg;54;0.806;**RE-PRINT;0
X51008142030.jpg;18;0.692;Baeeg;0
X51007339653.jpg;14;0.412;ITEM QTY U/P AMOUNT;0
X51005441402.jpg;12;0.522;HH GUINESS 12 GLASSES 150. SVC;1
X51007103643.jpg;0;0.0;MR. D.I.Y. (M) SDN BHD;0
X51005663293.jpg;17;0.472;1 x 4.90 4.90 SR;0
X51005605284.jpg;13;0.448;5 27499 11.00 55.00;0
X51006332575.jpg;8;0.296;BILL: 28544;0
X51007846398.jpg;15;0.254;Item Qty;0
X51005711401.jpg;23;0.958;SR (@ 6%) 5.66;0
X51006414429.jpg;56;0.875;(867388-U);0
X51006619343.jpg;16;0.516;RH42 - 88;0
X51006556732.jpg;15;0.469;O.C. WHITE 2.13 5 1 0 4 8.52;1
X51005663280.jpg;35;0.854;Pls enter within the next 4 days;0
X51007846370.jpg;50;0.769;5;0
X51006913007.jpg;31;0.419;CED NATURAL HIM;1
X51007103643.jpg;13;0.406;9064350 1 X 0.90 0.90;0
X51006557202.jpg;8;0.258;MAKASSAR FRESH MARKET SDN BHD;0
X51005568911.jpg;17;0.459;S*;0
X51006555814.jpg;27;0.794;E.&.O.E.;0
X51007339095.jpg;9;0.29;1. 2012-0013 PUNCH CARD WITH HOLE;1
X51007339657.jpg;15;0.417;4536000000012  2.00 2.00 5;0
X51005442378.jpg;10;0.476;JALAN JALAN (Majaiah);1
X51005719914.jpg;25;0.581;9750009 1 X 6.30 6.30;0
X51005663273.jpg;26;0.929;SR 6 45.00 2.70;0
X51006619545.jpg;56;0.949;20102108l20050x22u80200d 252;0
X51005663297.jpg;31;0.47;SALUNG TANGAN GETAH (1PAIR);1
X51007846370.jpg;51;0.785;Facebook.com/BarWangRice;0
X51005749895.jpg;22;0.629;9555258606166 5 X 0.60 3.00;0
X51005447861.jpg;15;0.417;2pc @ 9.89 19.78 T;0
X51005447860.jpg;10;0.37;BINDER CLIP -BL;1
X51005749895.jpg;17;0.486;S;0
X51006913007.jpg;63;0.851;0300892 PJ HANIF;0
X51005719896.jpg;1;0.036;W.TSTORE.COM. MY;0
X51006392122.jpg;12;0.545;9555339300051 x 1 45.00 S;0
X51006556726.jpg;0;0.0;GARDENIA BAKERIES(KL) SDN BHD (139386 X);0
X51007339126.jpg;1;0.031;NO. 31G&33G, JALAN SETIA INDAH X U13/X;0
X51008042791.jpg;21;1.0;SR (%9 ) 2.27 0.13;0
X51006414677.jpg;57;0.934;Company No. :441970-H;0
X51006311778.jpg;0;0.0;EXPrint;0
X51006332575.jpg;11;0.407;4971850134824  53.00 53.00s;0
X51006557213.jpg;2;0.062;40300 Shah Alam, Selangor.;0
X51007579726.jpg;6;0.194;OFF JALAN LAPANGAN TERBANG SUBANG;0
X51007339165.jpg;19;0.528;Round Adj 0.00;0
X51006555818.jpg;19;0.528;DELICIA-B/SCOTCH 3.72 3 1 0 2 7.44;1
X51008142061.jpg;24;0.706;Discount: 0.00;0
X51006619561.jpg;22;0.489;DISC -2.90 25.70 %;0
X51007846350.jpg;49;0.731;SRO 0 14.20 0.00;0
X51007339112.jpg;21;0.7;SR @ 6% 5.47 0.33;0
X51005712039.jpg;0;0.0;L TWO FLORIST & HANDICRAFT;1
X51007846412.jpg;24;0.3;5.40 T;0
X51006392122.jpg;3;0.136;ROSIED;1
X51006414631.jpg;26;0.371;. $0.90;0
X51006335552.jpg;46;0.807;1 CTN;0
X51006414680.jpg;39;0.619;0306654 PAVITHRA;0
X51008142031.jpg;7;0.233;Bill#:V001--538701 Order#: 138803;0
X51007846286.jpg;9;0.123;A06015;0
X00016469672.jpg;5;0.128;81200 JOHOR BAHRU;0
X51006335552.jpg;17;0.298;1 CTN;0
X51006619696.jpg;6;0.375;INVOICE N0 : 17566/102/T0280;0
X51006388082.jpg;0;0.0;Broadview Marketing Sdn Bhd (728384-M);1
X51005663297.jpg;48;0.727;o 0.00 SR;0
X51007846412.jpg;74;0.925;not allowed once issued.;0
X51006335552.jpg;0;0.0;YONG S00N FATT S/B (81497-P);0
X51005745249.jpg;10;0.345;1 Bag Fee RMO.20;1
X51006502533.jpg;12;0.545;1 x 9.50 9.50 SR;0
X51007846286.jpg;23;0.315;RM6.69;0
X51005719906.jpg;12;0.333;1 Unagi don;1
X51006555570.jpg;3;0.077;1118258-K;0
X51007846350.jpg;56;0.836;a 4;0
X51006557508.jpg;15;0.441;O.C. WHITE 2.13 6 0 0 6 12.78;1
X51006311778.jpg;27;0.818;7.00 62;0
X51005685355.jpg;16;0.571;Round Adjustmt RM 0.00;0
X51006392299.jpg;1;0.042;No.49, Jalan Dinar G U3/G,;0
X51005711441.jpg;10;0.435;Teh(B);1
X51008164510.jpg;8;0.571;4x 38.00 RM152.00;0
X51006556738.jpg;0;0.0;GARDENIA BAKERIES (KL) SDN BHD (139386 X);0
X51008128065.jpg;0;0.0;99 SPEED MART S/B (519537-X);0
X51005745188.jpg;11;0.423;6194020100124 4 11.32 45.28 S;0
X51005685357.jpg;10;0.37;1 X 111.30 36.75 72.35 S;0
X51007135037.jpg;19;0.704;Discount @10.00% -8.00;0
X51008030566.jpg;14;0.519;Herbal Tea;1
X51006556818.jpg;17;0.515;O.C JUMBO 2.97 3 0 0 3 8.91;1
X51006414720.jpg;19;0.413;Sales PerSor : NOT APPLICABLE;0
X51005568880.jpg;26;0.703;8720019 2 X 2.50 5.00;0
X51006414671.jpg;44;0.647;9 34 +;0
X51006557170.jpg;1;0.032;Lot 3, Jalan Pelabur 23/1,;0
X51006387813.jpg;38;0.95;(Guest Signature);0
X51005605333.jpg;28;1.0;www.popularonline.com. my;0
X51008142060.jpg;15;0.429;Salesperson Ref.:;0
X51006414677.jpg;17;0.279;F;0
X51006389963.jpg;40;0.615;INCLUSIVE;0
X51006556646.jpg;30;0.909;required to make necessary adjus tments to its;0
X51005444033.jpg;14;0.5;3068320113784 53.50*1 53.50 S;0
X51006329402.jpg;17;0.773;Served by ASHoK KUMAR;0
X51006619758.jpg;10;0.526;@2 X RM 6.79;0
X51008063849.jpg;17;0.81;28-05-18 17:00 SH01 ZJ94 T3 R000059251;0
X51007231344.jpg;8;0.145;Tampoi,81200 Johor Bahru, Johor;0
X51007339156.jpg;4;0.138;Tel: +603-3362 4137;0
X51005568827.jpg;2;0.067;No. 1 Jalan Puteri 7/10;0
X51006414533.jpg;25;0.463;10/04/2018 08:11;0
X51007339156.jpg;3;0.103;Mobile /Whatsapps : +6012-918 7937;0
X51005757273.jpg;13;0.65;CARD RM 45.00;0
X51006913073.jpg;26;0.382;$1.60;0
X51006389888.jpg;11;0.379;2651 MUNCHYS CRACKER SANDWI RM8.38 s;1
X51005705804.jpg;19;0.487;106766 1 49.00;0
X51005757324.jpg;14;0.609;Item(s) : 2 Qty(s) : 2;0
X00016469669.jpg;7;0.389;Date . 09/01/2019 8:01:11 PM;0
X51007103641.jpg;0;0.0;MR. D.I.Y. (M) SDN BHD;0
X51006350750.jpg;12;0.5;NONA MACRYICYARN;0
X51008123446.jpg;12;0.632;Length of stay: 0 Dy. 0 Hr. 16 Hin.;0
X51008030566.jpg;0;0.0;Restoran Wan Sheng;0
X51007846326.jpg;7;0.119;JTJ FOODS SDN BHD;0
X51006556840.jpg;0;0.0;GARDENLA BAKERIES (KL) SDN BHD (139386 X);0
X51005676545.jpg;11;0.407;Salesperson Ref.:;0
X51006466055.jpg;5;0.147;02/04/2018;0
X51005306399.jpg;24;1.0;Pleasae Cone Again;0
X51008122920.jpg;13;0.5;2032 'ENERGIZER' BATTERY (PC) @ PKT;1
X51005711441.jpg;8;0.348;Date : 21-03-2018 16:08:24;0
X51007339114.jpg;11;0.324;(BLUE) - (57MMx60MMx12MM);1
X51007103643.jpg;14;0.438;SPONGE MESH FO04-4S *S;1
X51008114281.jpg;7;0.412;05:36PM 568268 04-06-18;0
X51006557213.jpg;15;0.469;O.C. WHITE 2.13 4 1 0 3 6.39;1
X51005719873.jpg;11;0.306;Counter: 7290;0
X51007231361.jpg;33;0.508;t;0
X51005705760.jpg;5;0.074;Tel : 03-51217970 Fax : 03-51218059;0
X51008123447.jpg;12;0.6;Length of stay: 0 Dy. 0 Hr. 17 Hin.;0
X00016469669.jpg;9;0.5;Description Qty Price Amount;0
X51006913007.jpg;48;0.649;100.00;0
X51006414519.jpg;34;0.531;Customer Copy;0
X51006414429.jpg;60;0.938;#NAME?;0
X51005361900.jpg;12;0.375;TP-24 5 1.32 0.00 6.60 *;1
X51007846395.jpg;27;0.458;QTY ITEM;0
X51005719904.jpg;9;0.31;R05 Oyster Mee 1 RM9.90;1
X51006619709.jpg;28;0.622;8711468 XT 7.90 7.90;1
X51005719904.jpg;1;0.034;No,145G, Jalan Rimbunan Raya 1,;0
X51005719896.jpg;9;0.321;UNI WORKER'S CARD (1-31) 100'S;1
X51006414679.jpg;35;0.603;21.80;0
X51005711403.jpg;8;0.32;Date : 19-03-2018 11:12:15;0
X51007579726.jpg;7;0.226;PETALING JAYA SELANGOR 47301;0
X51006414713.jpg;34;0.415;FG-Y00226  16.80 16.80 SR;1
X51005587267.jpg;18;0.429;PARTNER E/L0PE 4.51NX9.5IN W4292 EA .s;0
X51006556840.jpg;9;0.281;GROUND FLOOR, NO. 4 & 6,;0
X51006332649.jpg;27;0.931;Points : 27;0
X51008164997.jpg;15;0.455;1 D 5,50 SR;0
X51008099049.jpg;12;0.4;TBL35 / 1;0
X51006414483.jpg;30;0.441;Amount;0
X00016469619.jpg;16;0.64;CDISC 10.00% -5.59;0
X51005605284.jpg;1;0.034;Company Reg. No. : 725186-V;0
X51005724629.jpg;16;0.485;Salesperson: Ref.:;0
X51006414675.jpg;11;0.155;Johor;0
X51008164999.jpg;11;0.333;1 0 30,00 SR;0
X51005685355.jpg;22;0.786;= 6 % 5.00 0.30;0
X51006556726.jpg;2;0.062;"40300 Shah Alam, ""Selangor.";0
X51005301667.jpg;32;0.593;Service Charge ..;0
X51006556646.jpg;20;0.606;CR-CHOCLT 0.72 20 0 0 20 14.40;1
X51006647932.jpg;5;0.2;03-7932 1023/0191;0
X51006857660.jpg;18;0.5;CD-R MAXELL (MX-CDR) 100's;1
X51005719899.jpg;14;0.667;Chee cheong Fun (SoS) RM7.20 S;1
X51007846412.jpg;5;0.062;LAVENDER CONFECTEONERY & BAKERY S/B;0
X51005675095.jpg;5;0.217;Level G2.Block D1.;0
X51006912972.jpg;38;0.585;$0.00;0
X51006556818.jpg;8;0.242;MAKASSAR FRESH MARKET SON BHD;0
X51006388069.jpg;35;0.946;xxxxxxxxxxxxxxxxxxxxxxxxxx*xxxxxxx*xx;0
X51005711451.jpg;4;0.19;43200 Cheras, Selangor;0
X51005719906.jpg;36;1.0;Powered by ARMs F&B (www.arms-fnb. com);0
X51006619765.jpg;10;0.208;NZ-06/07 - 5/40;0
X51007846305.jpg;64;0.78;0252828 PJ CST ZAHIR;0
X51007339100.jpg;25;0.862;TERIMA KASIH SILA DATANG LAGI;0
X51006414429.jpg;42;0.656;$1.10;0
X51007339642.jpg;30;0.882;THANE YOU FOR CHOOSING US;0
X51005587267.jpg;33;0.786;Join cur Meriah Loyalty Programme today!;0
X51006328919.jpg;11;0.55;FISHBALL NOODLE 7.00;1
X51005763940.jpg;9;0.3;** Original **;0
X51007228448.jpg;4;0.211;SITE B 4 5400 SEKINCHAN SELANGOR;0
X51005568881.jpg;3;0.125;56100 CHERAS, KUALA LUMPUR.;0
X51005757346.jpg;4;0.174;KAWASAN PERINDUSTRIAN BALAKONG,;0
X51006556852.jpg;21;0.568;CR B'SCOTCH 0.72 20 3 0 17 12.24;1
X51005605286.jpg;19;0.76;0301371 NORSHAM BINTI AHAMED SHA;0
X51006311779.jpg;13;0.361;A4 COL Simil 80gsm @ 2.00 4.24 8t;1
X51005757351.jpg;9;0.375;NA16 - 24;0
X51006620186.jpg;10;0.244;8800170 4 X 8.90 35.60;0
X51005453804.jpg;21;0.875;SR@A 11.32 068;0
X51006556818.jpg;28;0.848;The recipient of Gardenia's products is;0
X51006329402.jpg;16;0.727;Missed Point Today: 47;0
X51006913070.jpg;57;0.838;4;0
X51006679222.jpg;7;0.269;59200 Kuala Lumpur.;0
X51007231338.jpg;36;0.529;Discount :;0
X51005447860.jpg;18;0.667;Invoice No: 2018021951320026157;0
X51005719914.jpg;12;0.279;AF12 - 10/1000;0
X51008142038.jpg;9;0.529;@2 X RM 2.20;0
X51005715451.jpg;19;0.679;Item Count 2;0
X51005677335.jpg;4;0.138;53200, KUALA LUMPUR.;0
X51008142030.jpg;14;0.538;Vege Item (S);0
X51007231338.jpg;20;0.294;15:23:00;0
X51006335552.jpg;44;0.772;10700057;0
X51007339095.jpg;12;0.387;(WOC-115);0
X51006557193.jpg;12;0.375;VE0S: Ridzuan (11900);0
X51006679216.jpg;17;0.459;711-Omega Half Boiled Egg;1
X51005442394.jpg;2;0.077;(867388-U);0
X51006619694.jpg;26;0.867;Guardian brand products must be made;0
X51008099044.jpg;3;0.125;Seksyen 9, Bandar Mahkota Cheras,;0
X51006414679.jpg;26;0.448;12.90 12.90;0
X51007339111.jpg;0;0.0;SANYU STATIONERY SHOP;0
X51008099048.jpg;12;0.545;Cham(B);0
X51008164991.jpg;23;0.719;Closed: 1;0
X51006414680.jpg;21;0.333;1.75;0
X51006913068.jpg;18;0.305;MFY Side 1;0
X51006856981.jpg;3;0.1;Jalan 8821/60, Damansara Utama.;0
X51006913051.jpg;33;0.647;20.00;0
X51007339162.jpg;23;0.697;Date : 02/12/2017;0
X51006555806.jpg;32;0.97;Adjus tment Note;0
X51005757199.jpg;2;0.077;CO. (M) SDN BHD;0
X51006387813.jpg;19;0.475;Chicken Salad & Sashimi Gozen;1
X51007846270.jpg;2;0.033;No.1, Jalan Permas 10/5, Bandar Baru Permas Jaya;0
X51006556828.jpg;10;0.286;JALAN SS 1S/4B,;0
X51006620186.jpg;22;0.537;9068369 1 X 2.90 2.90;0
X51006329402.jpg;6;0.273;MIGHTY MARK DISHWASH- 11L;1
X51005433522.jpg;11;0.393;SR 100100000015- Vegetable $1.10;1
X51008142068.jpg;7;0.206;Bill To;0
X51008123476.jpg;12;0.6;Length of stay: 0 Dy. 0 Hr. 15 Hin.;0
X51006414713.jpg;47;0.573;FG-Y00267 1 0.00 0.00 SR;0
X51006557210.jpg;1;0.03;Lot 3, Jalan Pelabur 23/1,;0
X51008042783.jpg;16;0.615;1 L Coke;1
X51008099054.jpg;1;0.043;(1152264-K);0
X51006857660.jpg;20;0.556;CD SLEEVE REFILL: DATBAO DB1O3 (VR100)/KAYE;1
X51005447832.jpg;17;0.68;6,01884E+15;0
X51005268200.jpg;13;0.382;15.00 TOAAL;0
X51007339650.jpg;15;0.441;8710163220987 2 12.00 24.00 5;0
X51006388066.jpg;12;0.5;SA GRANNY SHITH ID's (PKT);0
X51005605285.jpg;23;0.885;AEON DAISO FESTIVAL MALL;0
X51008114266.jpg;3;0.158;41150 KLANG, SELANGOR;0
X51008164998.jpg;0;0.0;One one three Seafood restaurant Son bhd;0
X51005757304.jpg;14;0.583;5.90 x 3 17.70 SR;0
X51006414671.jpg;12;0.176;Tampoi, 81200 Johor Bahru, Johor;0
X51007339164.jpg;4;0.121;Tel: +603-3362 4137;0
X51005361883.jpg;3;0.091;SELANGOR DARUL EHSAN;0
X51005757235.jpg;6;0.222;SUN-THU: 1000 HRS - 2200 HRS;0
X51006619496.jpg;2;0.08;TAMAN BERKELEY;0
X51006857265.jpg;27;1.0;MPH AT ONE UTAMA;0
X51005301661.jpg;23;0.548;YT51874;0
X51006401869.jpg;19;0.95;TASTY BAKING HEALTY NATIONII;0
X51008128065.jpg;1;0.062;LOT P.T. 2811, JALAN ANGSA,;0
X51006912972.jpg;12;0.185;F;0
X51005705760.jpg;2;0.029;MYDIN MART SRI MUDA;0
X51005719896.jpg;6;0.214;14-01-2018 (Sun) 16:02;0
X51005719873.jpg;13;0.361;Bill No 394024495;0
X51005711452.jpg;1;0.036;Gerbang Alaf Restaurants Sdn Bhd;0
X51008123604.jpg;1;0.033;OGN GROUP SDN BHD;0
X51006008089.jpg;13;0.317;OOCUMENT H0L A4 1486A-Tra;0
X51007339098.jpg;9;0.31;1.2012-0029 RESTAURANT ORDER CHIT NCR;0
X51006414394.jpg;39;0.582;2 W003 THAI STYLE 31.80;1
X51006912960.jpg;3;0.067;Lot PTD 182908 & PTD 143216,;0
X51007339112.jpg;25;0.833;PLEASE COME AGAIN.;0
X51007339647.jpg;16;0.471;SCHNEIDER VIVACE 15A S/SOCKET;1
X51008123586.jpg;6;0.261;myNEWScareline@ mynews.com.my;0
X51006913007.jpg;28;0.378;6% Off @43.15;0
X51005568898.jpg;33;0.647;1.07;0
X51005676543.jpg;0;0.0;SYARIKAT PERNIAGAAN GIN KEE;0
X51006555780.jpg;15;0.455;O C. WHITE 2.13 10 8 0 2 4.26;1
X51008164969.jpg;6;0.194;Bill#:V001-540401 Order#: 140508;0
X51006556596.jpg;8;0.242;MAKASSAR FRESH MARKET SDN BHD;0
X51005433538.jpg;6;0.24;Invoice#:OR18031202170432;0
X51007231361.jpg;48;0.738;26/05/2018 08:53;0
X51005724627.jpg;4;0.125;TEL:03-87686092 FAX : 03-87686092;0
X51005749905.jpg;32;0.889;POINT : 0.00;0
X51008064061.jpg;3;0.115;KAWASAN PERINDUSTRIAN BALAKONG,;0
X51006414675.jpg;46;0.648;www.dominos.com.my/smile and;0
X51005441398.jpg;15;0.469;QTY ITEM RM;0
X51006867435.jpg;21;0.778;not returnable.;0
X00016469622.jpg;25;0.962;SR 0 80.91 0.00;0
X51005568884.jpg;8;0.381;BATTERY LRO3-4B AAA 4 PCS *S;1
X51005441407.jpg;11;0.407;POS No:1 Pax −0;0
X51006555818.jpg;11;0.306;4750O SUBANG JAYA, SELANGOR;0
X51007846393.jpg;56;0.949;r4;0
X51005361883.jpg;1;0.03;(001451637-M);0
X51005757353.jpg;9;0.333;B52 - 20/250;0
X51005757324.jpg;10;0.435;9555493002853  26.90 26.90;0
X51006414718.jpg;4;0.071;3RD FLR, AEON TAMAN MALURI SC;0
X51007339151.jpg;3;0.1;Mobile /Whatsapps : +6012-918 7937;0
X51008142033.jpg;25;0.962;SR (@ 6%) 40.00 2.40;0
X51006733494.jpg;6;0.188;Date: Oct 3, 2016 12:16:25 PM;0
X51007846368.jpg;28;0.318;1 3.00;0
X51007103675.jpg;14;0.56;PLASTIC BAGS *S;1
X51006913054.jpg;39;0.661;MEMBER O000036581 Points Earned: 11;0
X51005663298.jpg;19;0.559;1 X 5.90 5.90 SR;0
X51005568898.jpg;41;0.804;1.20;0
X51006414720.jpg;21;0.457;02353830 2 3.20 6.40 SR* ;0
X51006556646.jpg;33;1.0;Adjus tment Note;0
X51005433533.jpg;0;0.0;PERNIAGAAN ZHENG HUI;0
X51006414679.jpg;33;0.569;0.00;0
X51007339167.jpg;22;0.667;INV NO: CS-SA-0129861;0
X51005568914.jpg;5;0.2;55100 KUALA LUMPUR;0
X51006619698.jpg;19;0.864;OPERATOR SLC - NOR RUZITA;0
X51007846398.jpg;11;0.186;Tampoi,81200 Johor Bahru, Johor;0
X51005676536.jpg;29;0.935;SR 6 87.80 5.27;0
X51006557202.jpg;25;0.806;E.&. above goods in good order condition.;0
X51005757201.jpg;14;0.275;GL HARUMI WASHI;1
X51005442379.jpg;0;0.0;UNIHAKKA INTERNATIONAL SDN BHD;0
X51006327976.jpg;36;0.973;For the latest news and updates;0
X51008142063.jpg;18;0.474;0139 6 1700 18 0. 108.12 SR;0
X51007339114.jpg;7;0.206;Owned By :;0
X51007846301.jpg;11;0.175;(867388-U);0
X51005568900.jpg;4;0.19;43300 SERI KEMBANGAN, SELANGOR;0
X51005442384.jpg;4;0.154;Tampoi, 81200 Johor Bahru, Johor;0
X51006441474.jpg;7;0.25;Tel : 09-2201388;0
X51005453804.jpg;5;0.208;43300 SERI KEMBANGAN, SELANGOR;0
X51005749895.jpg;29;0.829;buy wake;0
X51005663298.jpg;18;0.529;Garden Salad (S);1
X51005712038.jpg;2;0.065;5-7, JALAN MAHAGONI 7/1;0
X51006867435.jpg;12;0.444;RuundinG adjustments 0.02;0
X51006619765.jpg;41;0.854;08-01-16 11:55 SH01 ZJ08 T3 R000270508;0
X51006335552.jpg;41;0.719;LIFE SOS CILT 500GM;1
X51005444037.jpg;37;0.881;T&C apply.;0
X51006414712.jpg;32;0.405;1 T/B LVDR-RG 7.50;1
X51006008057.jpg;42;0.955;Points : 310;0
X51006335552.jpg;55;0.965;ZRL 0 % 297.30 0.00;0
X51007339098.jpg;20;0.69;SR @ 5% 8.21 0.49;0
X51006913028.jpg;2;0.032;••. A05036;0
X51007339146.jpg;10;0.303;1.2044-0137 ARTLINE EG-40 GLUE STICK;1
X51005757323.jpg;8;0.308;PILLAR SINK TAP 87601 S;1
X51006329395.jpg;1;0.05;(001610235-P);0
X51006913030.jpg;46;0.676;9.72;0
X51006913019.jpg;66;0.786;AEON TEBRAU CITY;0
X51006414677.jpg;51;0.836;No.3 Jln Dato'Onn 3, Bdr Dato' Onn;0
X51006913051.jpg;14;0.275;Table:;0
X51006555817.jpg;8;0.242;MAKASSAR FRESH MARKET SDN BHD;0
X51006557184.jpg;28;0.875;required to make necessary adjus tments to its;0
X51005577192.jpg;3;0.103;TAMAN PERINDUSTRIAN BUKIT SERDANG,;0
X00016469669.jpg;5;0.278;07-355 2616;0
X51006008057.jpg;12;0.273;Remarks:;0
X51007846309.jpg;57;0.781;4;0
X51007339648.jpg;6;0.176;Seksyen U13, 40170 Shah Alam;0
X51006913051.jpg;18;0.353;1 5.00 0.00 5.00 S;0
X51007846326.jpg;32;0.542;x X1 - SKY JUICE @0.50 0.50 SR;1
X51005806678.jpg;11;0.379;Date: 29-01-18 20:38;0
X51005663324.jpg;33;0.673;1792 3 7.42 22.26 SR;0
X51005433552.jpg;0;0.0;WARAKUYA PERMAS CITY SDN BHD;0
X51008042782.jpg;1;0.038;002043319-W;0
X51006311779.jpg;36;1.0;27/03/2016 16:54;0
X51005757248.jpg;28;0.875;0304662 HEMADAS A/L BAL0O;1
X51006414483.jpg;34;0.5;$0.00;0
X51006619545.jpg;7;0.119;(WON CNIAN;0
X51008123580.jpg;2;0.069;LOT 1851-A & 1B51-B, JALAN KP3 6,;0
X51006414675.jpg;53;0.746;1 -300-888- 333;0
X51006414721.jpg;46;0.767;4;0
X51006557210.jpg;13;0.394;DD:05/10/2017 11:19;0
X51006414429.jpg;43;0.672;SR I00100000015- Vegetable;1
X51006414519.jpg;8;0.125;HASHA PETROKIOSK;1
X51006619694.jpg;11;0.367;GDN WATER 500ML 184;1
X51006401836.jpg;20;1.0;(01/17] [10:49];0
X51005568881.jpg;19;0.792;SSwwre SaN;0
X51005711456.jpg;7;0.184;Table 9;0
X51007339135.jpg;1;0.034;NO. 31G&33G, JALAN SETIA INDAH X ,U13/X;0
X51008142063.jpg;35;0.921;SR 6;0
X51008122920.jpg;12;0.462;Item Name Qty Unit Price Amount;0
X51005719814.jpg;0;0.0;KIKU JAPANESE RESTAURANT;0
X51005361900.jpg;10;0.312;ITEM QTY U/P DISC%;0
X51007339126.jpg;30;0.938;PURCHASE DATE FOR I.T PRODUCT WARRANTY;0
X51005442383.jpg;2;0.067;18,JALAN PERMAS 10/7;0
X51006556656.jpg;11;0.324;47500 SUBANG JAYA, SELANGOR;0
X51006620187.jpg;22;0.846;Consider PTS: 6;0
X51005724621.jpg;16;0.444;Salesperson Ref.:;0
X51007339658.jpg;6;0.167;NO. 17-G, JALAN SETIA INDAH;0
X51008142063.jpg;23;0.605;SIMEN;1
X51006620189.jpg;21;0.636;@2 X RM 6.35;0
X51007846326.jpg;29;0.492;I 1;0
X51006414519.jpg;41;0.641;***************;0
X51006466056.jpg;15;0.455;00002479 BUTTER ROLL (4);1
X51007231336.jpg;21;0.328;$8.10;0
X00016469619.jpg;0;0.0;tan woon yann;0
X51005447861.jpg;35;0.972;Buy Chinese books online;0
X51006619550.jpg;5;0.135;41400 KlANG, SELANGOR;0
X51005712021.jpg;9;0.321;ashier : 123;0
X51007262328.jpg;5;0.185;TEL : 03-6057 3391;0
X51005568829.jpg;21;0.6;H;0
X51007225398.jpg;22;0.815;SR = 6 % 25.47 1.53;0
X51006311767.jpg;25;0.781;46 xXXXXXXX 1819-;0
X51006619785.jpg;20;0.455;(A2F1)EG MASK;1
X51005663280.jpg;19;0.463;T MARG CK;1
X51006387850.jpg;14;0.519;SR:TEPUNG JAGUNG CAP BINTANG ZOXAC;1
X51006414674.jpg;50;0.781;We are compliant to the PDpA 2010.;0
X51007846305.jpg;44;0.537;9mimm X 000000135412 15.00SR;1
X51006912960.jpg;0;0.0;De Maximum Thai Express Sdn Bhd;0
X51005301661.jpg;4;0.095;ROC No. : (1072825-A);0
X51006414677.jpg;22;0.361;31st March the following year;0
X51005889296.jpg;11;0.423;Trans: 409712949 Staff: 95897;0
X51005587254.jpg;8;0.229;Trans # : 255018;0
X51005568911.jpg;13;0.351;S*;0
X51005806702.jpg;3;0.13;249336-T;0
X51006387847.jpg;19;0.633;4 Type: 3;0
X51008164998.jpg;8;0.32;Date : 20-06-2018 21:36:11;0
X51008142059.jpg;12;0.353;017-6057770;0
X51005685357.jpg;4;0.148;Maluri, Kepong, 52100 KL.;0
X51009453801.jpg;13;0.52;SAFETYPINS BUTTERFLY-S;1
X51008142058.jpg;13;0.371;Doc No : CS00012013 Date: 20/04/2018;0
X51006414712.jpg;23;0.291;Dise;0
X51005757201.jpg;44;0.863;SR @ 6% 83.93 5.04;0
X51005268400.jpg;12;0.429;TOKEN : CT1;0
X51006913070.jpg;55;0.809;4;0
X51006555780.jpg;17;0.515;O.C JUMBO 2.97 10 7 0 3 8.91;1
X51005676549.jpg;13;0.433;1762 1 7.95 7.95 SR;0
X51006620189.jpg;3;0.091;42100 KLANG, SELANGOR;0
X51007339164.jpg;19;0.576;Round Adj 0.00;0
X51005361895.jpg;1;0.042;BR No.: 0195932-X;0
X51005663324.jpg;47;0.959;SR 6 439.00 26.34;0
X51006334741.jpg;13;0.433;UNICA PAIL 6GL 600;1
X51006414470.jpg;13;0.206;12, Jalan Tampoi 7/4,Kawasan Perindustrian;0
X51005676540.jpg;15;0.484;2167 2 50.88 101.76 SR;0
X51006619550.jpg;9;0.243;47.70;0
X51008123450.jpg;5;0.263;Tel.: +603 7726 2929 Fax: +603 7726 1326;0
X51006619862.jpg;20;0.952;MPI HL E;0
X51007339647.jpg;12;0.353;SALESPERSON : AH019 TIME: 15:34:00;0
X51007339158.jpg;8;0.267;SANYU SUPPLY SDN BHD (1135772-K);0
X51007339118.jpg;13;0.448;Discount 0.00;0
X51007339117.jpg;20;0.588;Round Adj 0.00;0
X51005749905.jpg;33;0.917;*Goods sold are not returnable;0
X51005719873.jpg;2;0.056;tealive;1
X51006311767.jpg;14;0.438;FL02001600 1 69.90 69. 90;0
X51005568899.jpg;3;0.15;KAWASAN PERINDUSTRIAN BALAKONG,;0
X51006557193.jpg;27;0.844;The recipient of Gardenia's products is;0
X51006679222.jpg;25;0.962;Powered by Genius POS LoO;0
X51005719856.jpg;0;0.0;baskin BRrobbing;0
X51005447832.jpg;10;0.4;FuelSave 95 RM 85.54 C;1
X51006414431.jpg;52;0.812;4;0
X51005441408.jpg;3;0.125;47400 PETALING JAYA.;0
X51006557179.jpg;8;0.25;MAKASSAR FRESH MARKET SDN BHD;0
X51005663324.jpg;16;0.327;"1 1/2"" SANCORA PAINT BRUSH";1
X51006556604.jpg;15;0.455;O.C. WHITE 2.13 5 2 0 4 8.52;1
X51006414599.jpg;30;0.429;20.00;0
X51007103641.jpg;14;0.452;SPONGE MESH FO04-4S S;1
X51006619694.jpg;28;0.933;product in original condition.;0
X51007231361.jpg;25;0.385;101 NOODLE SOUP O.T.ROCK;1
X51005447839.jpg;5;0.185;57000 KL;0
X51005705760.jpg;64;0.941;date of purchase, failing which MYDIN at;0
X51005442361.jpg;14;0.467;1 Ribs Platter SR 259.90;1
X51006387850.jpg;2;0.074;8, JALAN SUBANG JASA 3,;0
X51006556823.jpg;1;0.032;Lot 3, Jalan Pelabur 23/1,;0
X51008042777.jpg;4;0.19;43200 Cheras, Selangor;0
X00016469623.jpg;29;0.879;18-11-18 13:58 SH01 ZI53 T2 R000002902;0
X51005715451.jpg;6;0.214;S6ooo Kuala Lumpur, Malaysia;0
X51005745214.jpg;19;0.905;45-35;0
X51006913019.jpg;12;0.143;1x 000004921851;0
X51007135037.jpg;6;0.222;TEL / FAX : 0163307491 / 0378317491;0
X00016469622.jpg;0;0.0;tan woon yann;0
X51007846393.jpg;40;0.678;Birthday Discount RM1.57;0
X51006557188.jpg;16;0.471;O.C. WHITE 2.13 4 1 0 3 6.39;1
X51007846350.jpg;5;0.075;A06050 < ;0
X51007846366.jpg;0;0.0;A06067;0
X51006555125.jpg;7;0.467;1. Max 10-1M staples;1
X51005444037.jpg;24;0.571;1/4 Chic+1sd-T @17.90 53.70 S;1
X51007103643.jpg;16;0.5;6928794601200 1 X 2.30 2.30;0
X51008123580.jpg;3;0.103;KAWASAN PERINDUSTRIAN BALAKONG,;0
X51005361883.jpg;11;0.333;9557068000035 1 3.50 5.69 3.30 *;0
X51005806685.jpg;1;0.04;Company Reg. No. : 725186-V;0
X51008164525.jpg;2;0.071;(767840-W);0
X51008164997.jpg;19;0.576;Beverage;1
X51005711441.jpg;2;0.087;No.2, Jalan Temenggung 19/9,;0
X51006556824.jpg;15;0.417;Description U.P Iss Exc D Sale Aint(RM);0
X51007231336.jpg;23;0.359;SR I00100000064-Add Vegetable;1
X51005745249.jpg;28;0.966;with next purchase.Redemption of 1;0
X51007225442.jpg;8;0.296;SUS304 HOOK 48804 S;1
X51007225417.jpg;11;0.367;H/P: 012-659 9829;0
X51006556646.jpg;15;0.455;O.C. WHITE 2.13 5 2 0 3 6.39;1
X51008142060.jpg;30;0.857;SR 9 115.00;0
X51006556656.jpg;34;1.0;CUSTOMER'SCOPY;0
X51005301661.jpg;14;0.333;Address ••;0
X51005442386.jpg;4;0.148;Tampoi, 81200 Johor Bahru,Johor;0
X51007339157.jpg;4;0.133;Tel: +603-3362 4137;0
X51006913055.jpg;48;0.738;Time: 15:16:11;0
X51006414680.jpg;35;0.556;SR @ 6% 1.65 0.10;0
X51007846305.jpg;34;0.415;1x 000000388658 2.50SR ;0
X51008099102.jpg;14;0.389;3 x 1.00 3.00 SR;0
X51006008057.jpg;20;0.455;260.10 SR;0
X51005365179.jpg;8;0.32;Invoice No. : CR 1803/0064;0
X51008099102.jpg;24;0.667;2 x 2.80 5.60 SR;0
X51005447839.jpg;11;0.407;ITEM QTY U/P(RM) DISC(%) Aint (RM);0
X00016469612.jpg;17;0.654;Rour ding Adjustment: 0.00;0
X51005757201.jpg;12;0.235;CE 13312 LONG H;0
X51008114217.jpg;14;0.483;KIWI S/S KNIFE NO.475 5' *S;1
X51006913019.jpg;25;0.298;Aeon card DISC;0
X51005677329.jpg;11;0.407;Salesperson Ref. :;0
X51005453804.jpg;20;0.833;(RM) (RM);0
X51005365179.jpg;4;0.16;KAWASAN PERINDUSTRIAN BUKIT SERDANG,;0
X51006387812.jpg;1;0.033;TIMES BOOKSTORES;0
X51006867435.jpg;4;0.148;1e1:03-60432032;0
X51006327976.jpg;28;0.757;All cartridge & toner sales are final and non-refundable;0
X51006913030.jpg;22;0.324;Item;0
X51007846302.jpg;18;0.305;T-Butter Sugar Bun *#;1
X51006008073.jpg;10;0.417;Description Qty Price Amount;0
X51007843145.jpg;37;0.685;5;0
X51006619697.jpg;10;0.345;TABLE NO. 10 CT;0
X51006619566.jpg;15;0.833;15.00 .90;0
X51006466066.jpg;19;0.559;Sushi 1.30;0
X51007339658.jpg;32;0.889;EN ONISCOHD HOH NOA MNVHL;0
X51007339131.jpg;29;0.853;PLEASE COME AGAIN.;0
X51006414718.jpg;15;0.268;1x 000001010646 7.74SR;0
X51008142033.jpg;1;0.038;(1120908-M);0
X51005568899.jpg;16;0.8;18-10-17 15:16 SH01 ZT09 T3 R000000163;0
X51005442361.jpg;17;0.567;1 Apple - 350m1 SR 13.90;1
X51006913019.jpg;5;0.06;SHOPPING HOURS;0
X51007339150.jpg;1;0.033;NO. 31G&33G, JALAN SETIA INDAH X ,U13/X;0
X51005663324.jpg;5;0.102;TEL :03-40210276;0
X51006389888.jpg;13;0.448;0249 JULIES PEANUT BUTTER S RM7.55 s;1
X51006466056.jpg;8;0.242;18/04/2018 5:18:08 p Session:11444;0
X51008142063.jpg;8;0.211;SUCI ALAM JAYA TRANSPORT;0
X51006556830.jpg;5;0.172;52100 KUALA LUMPUR.;0
X51005711453.jpg;6;0.24;Level 6, Bangunan TH, Damansara Uptown3;0
X51006414638.jpg;28;0.394;1 VEGETABLES;1
X51005757353.jpg;13;0.481;3072318 1 X 6.50 6.50;0
X51006714065.jpg;11;0.5;1.0000 18.00 SR;0
X51006441473.jpg;1;0.029;Guardian Health And Beauty Sdn Bhd;0
X51006556861.jpg;16;0.5;WHOl EMeal 2.78 3 0 0 3 8.34;1
X51005663297.jpg;46;0.697;"PAKU KAYU 1"" (KECIL)";1
X51006619765.jpg;13;0.271;IAOO - 6/96;0
X51005568900.jpg;9;0.429;0Z02 - 12/48;0
X51007339135.jpg;9;0.31;1.2012-0029 RESTAURANT ORDER CHIT NCR;0
X51007339647.jpg;29;0.853;GOODS SOLD ARE NOT REPUNDABLE,;0
X51006335552.jpg;15;0.263;1 CTN 27.00 27,00 ZRL;0
X51007846350.jpg;34;0.507;ROYAL UMBRELLA BERAS WANGI 1KG ;1
X51006913074.jpg;50;0.781;Protectiot t--- - ¤;0
X51005447850.jpg;5;0.208;016-5498845,;0
X51006620186.jpg;9;0.22;IE51/3-61/ - 24;0
X51006311758.jpg;20;0.571;DIS10 1 * 0.00 0.00;0
X51006556825.jpg;8;0.25;MAKASSAR FRESH MARKET SDN BHD;0
X51006329399.jpg;18;0.545;DISC 0. 00;0
X51006414713.jpg;0;0.0;A04113;0
X51008099073.jpg;3;0.12;BANDAR MAHKOTA CHERAS;0
X51005745190.jpg;7;0.171;C;0
X51005433533.jpg;29;0.592;SR: 10# WELDING GLASS (BLACK) 1PCS;1
X51005724554.jpg;14;0.389;Doc No. : CS00010344 Date: 28/02/2018;0
X51006555780.jpg;10;0.303;JALAN SS 15/4B,;0
X51006389888.jpg;9;0.31;0649 TIC TAC CANDY MINT (WH RM2.10 s;1
X51008123446.jpg;10;0.526;010100 Pay park1ng ticket 5.00 RM;1
X51006414711.jpg;26;0.371;""" 1 LH.9 (KB) LSF1-PSI 15.60";1
X51005677328.jpg;2;0.074;NO 290, JALAN AIR PANAS.;0
X51008142065.jpg;0;0.0;KEDAI PAPAN YEW CHUAN;0
X51006619709.jpg;13;0.289;9068722 2 X 2.30 4.60;0
X51008030566.jpg;8;0.296;Date : 09-04-2018 13:16:21;0
X51006619561.jpg;42;0.933;Points Earn : 171 (Complete);0
X51006349086.jpg;1;0.045;First City Parking Sdn Bhd;0
X51005306399.jpg;8;0.333;35.10 litre Pump # 02;1
X51005361907.jpg;15;0.306;4974052801334 1 2.70 0.00 2.70*;0
X51005442346.jpg;4;0.138;81750 JOHOR BAHRU;0
X51006414675.jpg;6;0.085;No.12, Jalan Permas Jaya 10,;0
X51006393377.jpg;16;0.5;TONIOINO INIE 3ZN OTIN 990 RM13.65 s;1
X51006557179.jpg;10;0.312;JALAN SS 15/4B,;0
X51005663278.jpg;14;0.538;999900245 IKEA Retai 36.00 SR;0
X51006556650.jpg;12;0.364;VE0S: Ridzuan(11900);0
X51006556650.jpg;15;0.455;O.C. WHITE 2.13 5 3 0 2 4.26;1
X51006335547.jpg;20;1.0;==visit us online at www.kings.cow.ay==;0
X51006713996.jpg;1;0.034;CO. REG. NO.: 946207-D;0
X51007103578.jpg;20;0.556;9020529 1 X 1.90 1.90;0
X51006913054.jpg;16;0.271;12.00;0
X51006856981.jpg;5;0.167;Company Reg #1101083-T;0
X51006619545.jpg;3;0.051;Tel : 603-2030 1000;0
X51006555814.jpg;15;0.441;O.C. WHITE 2.13 6 3 0 3 6.39;1
X51005715456.jpg;18;0.581;105W E27 PLCE TUBE;1
X51005717526.jpg;16;0.516;1 L McChicken 11.10;1
X51008114282.jpg;10;0.588;0715 KNORR CHICKEN STOCK 1K RM15.90 z;1
X51006867436.jpg;3;0.094;Bandar Bary Kawang;0
X51006414631.jpg;25;0.357;1 $0.90;0
X51005719914.jpg;26;0.605;KEY HOLDER (GRID)#*VS S;1
X51007846353.jpg;21;0.35;Item;0
X00016469622.jpg;14;0.538;ELEGANT SCH TR BAG 15;1
X51006466056.jpg;13;0.394;00002493 CHEESE ROLL (4);1
X51007846410.jpg;21;0.309;Date:;0
X51007846412.jpg;76;0.95;POS: TC12 Shf :201808171;0
X51005663317.jpg;12;0.462;I;0
X51006387971.jpg;10;0.435;2022 CADBURY CHOCOLATE DAIL RN9.65 is;1
X51005663324.jpg;11;0.224;Salesperson Ref. :;0
X51006913019.jpg;50;0.595;449.82 26.99;0
X51007846350.jpg;20;0.299;Ref.:;0
X51006414720.jpg;15;0.326;Invoice No : 01-428985;0
X51005719886.jpg;3;0.143;KIMPAL INDS.PARK B.CAVES;1
X51007225417.jpg;15;0.5;002115 1.00 1.00 1.00 SR;0
X51005433538.jpg;25;1.0;Facebook.com/BarWangRice;0
X51005268262.jpg;9;0.346;Invoice No.: CS 67832;0
X51006557193.jpg;17;0.531;O.C JUMBO 2.97 3 1 0 2 5.94;1
X51008114217.jpg;0;0.0;MR. D.I.Y. (KUCHAI) SDN BHD;0
X51007339115.jpg;30;1.0;Follow us in Facebook : Sanyu.Stationery;0
X51007339115.jpg;2;0.067;40170 SETIA ALAM;0
X51005705722.jpg;10;0.333;Date: 27/09/2017;0
X51007843145.jpg;20;0.37;Item U\Price Qnty Amount;0
X51006913024.jpg;30;0.441;Amount ;0
X51007225442.jpg;2;0.074;LOT 1851-A & 1851-B, JALAN KPB 6,;0
X51006414714.jpg;20;0.317;S/P: POS1 LOC: PMS;0
X51005433522.jpg;8;0.286;Item Qty;0
X51006414680.jpg;20;0.317;DISC 30% @1.75;0
X51006414733.jpg;68;0.861;119.77 3.01;0
X51007339131.jpg;3;0.088;Mobile /Whatsapps : +6012-918 7937;0
X51005806716.jpg;12;0.444;UNICORN-20CM HALF WHITE RULEF SR;1
X51006913024.jpg;16;0.235;Item Qty;0
X51006414470.jpg;14;0.222;Tampoi,81200 Johor Bahru, Johor;0
X51007339098.jpg;28;0.966;PURPOSE **;0
X51007103675.jpg;10;0.4;9555590501204 1 X 9.90 9.90;0
X51006414719.jpg;26;0.406;FRI-SAT:1000 HRS;0
X51008142038.jpg;7;0.412;11:59AM 567640 28-01-18;0
X51005806678.jpg;3;0.103;355, Jalan Bandar Melawati,;0
X51007846391.jpg;14;0.215;12, Jalan Tampoi 7/4,Kawasan Perindustrian;0
X51005757323.jpg;12;0.462;WA33 - 100/1000;0
X51005705722.jpg;5;0.167;TEL : 03-51221701, 51313091 FAX : 03-51215716;0
X51008145504.jpg;1;0.038;(001963477-M);0
X51008099043.jpg;24;0.96;(%0 ) 4.60 0.00;0
X51005749895.jpg;3;0.086;KAWASAN PERINJUSTRIAN BALAKONG,;0
X51005676547.jpg;5;0.185;TEL : 03-40210276;0
X51005749895.jpg;9;0.257;FZ02 - 6/54;0
X51007339653.jpg;10;0.294;ounter.;0
X51005441401.jpg;9;0.429;BILL DT: 12/03/2018 10:25:49 PM RM;0
X51006912960.jpg;2;0.044;Blk 2, Unit G1 & G2, Bestari Terrace,;0
X51006414671.jpg;34;0.5;Amount;0
X51005663324.jpg;15;0.306;3483 1 7.95 7.95 SR;0
X51006350750.jpg;18;0.75;Payment : 130.00;0
X51006867436.jpg;25;0.781;Vispensed medicines sold are;0
X51005568827.jpg;14;0.467;205 Sweet &Sour Pork Ribs;1
X51006620181.jpg;9;0.6;Mother's Slices 1 RM13.50;1
X51008099089.jpg;8;0.333;Date : 20-06-2018 13:11:45;0
X51006913070.jpg;23;0.338;SR I00100000149- Add Vegetable (X);1
X51005663297.jpg;24;0.364;11046 2 80.00 84.80;0
X51006414679.jpg;40;0.69;Qty: 2;0
X51006388069.jpg;9;0.243;1 x 18.60 18.60 Z;0
X51005705760.jpg;39;0.574;1 *;0
X51006388082.jpg;7;0.318;Bill No BM-159572;0
X00016469672.jpg;6;0.154;JOHOR;0
X51007339639.jpg;13;0.371;SALESPERSON AH002 TIME: 08:13:00;0
X51006008095.jpg;16;0.696;Deposit :;0
X51006414631.jpg;53;0.757;Facebook.com/BarWangRice;0
X51005268200.jpg;26;0.765;894875668000 60N 159;0
X51007339158.jpg;10;0.333;1. 5000-0001 PHOTOCOPY SERVICES - A4;1
X51006913074.jpg;15;0.234;Pickup Time: 11:07:09;0
X51006556738.jpg;16;0.444;WHOLEMEAL 2.78 5 2 0 3 8.34;1
X51006913070.jpg;49;0.721;Facebook.com/BarWangRice;0
X51007339157.jpg;22;0.733;INV NO: CS-SA-0097493 Date : 19/07/2017;0
X51005268200.jpg;1;0.029;H O AIS TNTONO I JSAR SOE;1
X51005676536.jpg;14;0.452;8'2 X 3;0
X51008030560.jpg;3;0.13;43200 CHERAS, SELANGOR;0
X51006414713.jpg;33;0.402;Otm Spicy Yakiniku Bowl R;1
X51006414599.jpg;8;0.114;LOT G29 & G30, AEON Ma11 TEBRAU CITY,;0
X51005433533.jpg;17;0.347;SR: KOBELCO G-12#(2.6MM) WELDING;1
X51006913007.jpg;23;0.311;45.90SR;0
X51007846412.jpg;20;0.25;3.30 T;0
X51007846270.jpg;48;0.787;5 21.83 0.00;0
X51007846302.jpg;11;0.186;Date;0
X51006913007.jpg;42;0.568;ONWARDS TOM &;0
X51006466060.jpg;0;0.0;WESTERN EASTERN;0
X51007339114.jpg;0;0.0;SANYU STATIONERY SHOP;0
X51006620414.jpg;12;0.324;#NAME?;0
X51008030565.jpg;17;0.68;3 x 0.20 0.60 SR;0
X51006913028.jpg;13;0.206;Item Qty;0
X51007339126.jpg;4;0.125;Tel: +603-3362 4137;0
X51008123447.jpg;6;0.3;Fax : t6 03 2026 6387;0
X51006619783.jpg;27;0.964;Follow us on Facebook, Instagram;0
X51005433541.jpg;3;0.12;12 Jalan Tampoi 7/4,Kawasan Perindustrian;0
X51006401869.jpg;3;0.15;SELANGOR D.E.;0
X51007339106.jpg;14;0.412;2.2012-0029 RESTAURANT ORDER CHIT NCR;0
X51006387971.jpg;22;0.957;POQSTEEte come again;0
X51005676546.jpg;13;0.481;1512 2 10.60 21.20 SR;0
X51005719873.jpg;29;0.806;SR @ 6% 8.12;0
X51006556815.jpg;9;0.273;GROUND FLOOR, NO. 4 & 6,;0
X51007339166.jpg;32;0.97;PURPOSE **;0
X51006389963.jpg;47;0.723;6%SR 0.00;0
X51006620186.jpg;8;0.195;BISCUIT CONTAINER 1087S S*;1
X51006557195.jpg;1;0.029;Lot 3, Jalan Pelabur 23/1,;0
X51008123586.jpg;4;0.174;47301,PETALING JAYA,SELANGOR;0
X51006556824.jpg;23;0.639;TWG T'MISU 1.33 0 10 0 -10 -13.30;1
X00016469619.jpg;14;0.56;GF-TABLE LAMP/STITCH <i)>;1
X51007846357.jpg;9;0.138;BANDAR BARU PERMAS JAYA.;0
X51005663297.jpg;32;0.485;1682 1 200 2.12 2.12 SR;0
X51007339106.jpg;1;0.029;NO. 31G&33G, JALAN SETIA INDAH X ,U13/X;0
X51005719914.jpg;0;0.0;MR. D.I.Y.(KUCHAI) SDN BHD;0
X51006387740.jpg;14;0.538;TOT QTY: 2 15.40;0
X51006414636.jpg;30;0.395;s 7;0
X51006556823.jpg;15;0.484;O.C. WHITE 2.13 10 0 0 10 21.30;1
X51006335547.jpg;19;0.95;TASTY BAKING HEALTHY NATION!!!;0
X51005663297.jpg;41;0.621;"M'MAN RULE TIMBANG 18""";1
X51008164969.jpg;1;0.032;(1120908-M);0
X51005757304.jpg;5;0.208;WELCOME;0
X51005745249.jpg;5;0.172;47301 PETALING JAYA, SELANGOR, MalaySia;0
X51005361895.jpg;18;0.75;Customer's Payment;0
X51007339126.jpg;25;0.781;Goods sold are not Returnable & Refundable;0
X51007391372.jpg;17;0.515;SR:8PCS AAA ENERGIZER(BP.SC)WF;0
X51006556828.jpg;13;0.371;DD:25/09/2017 12:12;0
X51006619696.jpg;9;0.562;@6 X RM 13.80;0
X51007846368.jpg;48;0.545;1 2.50 2.50 SR-;0
X51005676536.jpg;9;0.29;Doc No. CS00012507 Date: : 02/01/2018;0
X51005719882.jpg;4;0.25;1181-TMN SRI SINAR;0
X51008164525.jpg;11;0.393;TAAONIXI;0
X51006414713.jpg;21;0.256;1;0
X51008099054.jpg;13;0.565;1 x 15.00 15.00 SR;0
X51007339642.jpg;3;0.088;822737-X;0
X51005715456.jpg;2;0.065;(001465242-V);0
X51006557178.jpg;19;0.594;CR-CHOCLT 0.72 20 9 0 11 7.92;1
X51005605285.jpg;19;0.731;SR @ 6% 5.57 0.33;0
X51006557195.jpg;20;0.571;CR-B'SCOTCH @.72 0 1 0 -1 -0.72;1
X51005568900.jpg;0;0.0;MR. D.I.Y. SDN BHD;0
X51008042782.jpg;4;0.154;43200 Cheras, Selangor;0
X51005268472.jpg;35;0.66;100 PIUS [1 51];1
X51007846269.jpg;19;0.306;Item;0
X51006008073.jpg;7;0.292;Doc No. S000046284 DEPT.:;0
X51006349086.jpg;3;0.136;A-09-10 Prima Avenue;0
X51005605333.jpg;12;0.429;3pc @ 13.69 41.07 T;0
X51006557188.jpg;15;0.441;Description U.P Iss Exc D Sale Amt(RM;0
X51005361897.jpg;21;0.553;27.55;0
X51005433522.jpg;1;0.036;10/03/2018 18:24;0
X51006388082.jpg;1;0.045;No. 9-G, Jalan Dinar D U3/D;0
X51006414714.jpg;49;0.778;08/04/2018 15:09;0
X51007339097.jpg;11;0.379;3 X 2.9000 8.70 SR;0
X51005712017.jpg;11;0.44;INV# 001881904580783;0
X51007846286.jpg;18;0.247;Invoice # : 0R18060902170388;0
X51005711456.jpg;32;0.842;Server: SOFYA;0
X51006912960.jpg;4;0.089;Jalan Danga, Taman Nusa Bestari, 81300;0
X51005301659.jpg;1;0.038;ELECTRICAL;1
X51005453729.jpg;23;0.92;SR@A 75.00 4.50;0
X51006619765.jpg;25;0.521;QA31-42 - 8;0
X51005442379.jpg;24;0.923;Like and Follow Us on Facebook!;0
X51006867436.jpg;31;0.969;St:8282 Ctr2 I0:2065 1ax1nv:98701;0
X51008164420.jpg;4;0.148;No 8, Jalan 7/ll8B, Desa Tun Razak;0
X51008099071.jpg;12;0.522;2.200 RM / litre;1
X51006913023.jpg;17;0.274;$2.70 1;0
X51005677339.jpg;5;0.172;53000 KUALA LUMPUR;0
X51006557195.jpg;9;0.257;GROUND FLOOR, NO. 4& 6,;0
X51006502529.jpg;12;0.522;Spritzer M/Water 1.51 ea 3.70 S;1
X51008099054.jpg;0;0.0;10 GRAM Gourmet Sbn Bhd;1
X51006619341.jpg;12;0.522;MC22 - 24/144;0
X51007339097.jpg;28;0.966;PURPOSE **;0
X51006414394.jpg;23;0.343;2 13.80;0
X51007103639.jpg;12;0.364;9071604;0
X51006414679.jpg;42;0.724;... Xposmart WiFiPOS Since 1985 ... 5;0
X51006867436.jpg;15;0.469;IUIAL (GSI INLL) 4.50;0
X51006619342.jpg;9;0.529;Item(s) : 1 Qty(s) : 1;0
X51005676544.jpg;4;0.148;53200, KUALA LUMPUR.;0
X51007103641.jpg;17;0.548;COLANDER RM20202# S;1
X51007846270.jpg;24;0.393;RM-0.16;0
X51008164997.jpg;32;0.97;SR (@ 0%);0
X51007339158.jpg;21;0.7;SR @ 6% 4.72 0.28;0
X51008164420.jpg;9;0.333;Mazidah Yasin Trans: 80272;0
X51005442392.jpg;6;0.25;Invoice#:OR18032902170347;0
X51006647932.jpg;19;0.76;Gervice Chg 10.00% : 7.47;0
X51007339167.jpg;12;0.364;2 X 3.5000 7.00 SR;0
X51006619341.jpg;10;0.435;9555112911610 1 X 5.90 5.90;0
X51008142032.jpg;33;0.971;SR (@ 6%);0
X51007846305.jpg;62;0.756;10/06/2018 13:04 1010 017 0170023 .;0
X51006619785.jpg;11;0.25;MTO RCAT G091 : 230.60;0
X51006008089.jpg;18;0.439;Member Discount -0.78;0
X51007339648.jpg;14;0.412;(RM) (RM);0
X51006557185.jpg;20;0.588;CR-CORN 0.72 20 0 0 20 14.40;1
X51008128062.jpg;4;0.19;MEDAN NIAGA DAMAI SG BESI;0
X51008099089.jpg;4;0.167;43200 Cheras, Selangor;0
X51007846366.jpg;25;0.368;1x 000006420611 15.00SR;0
X51006414394.jpg;0;0.0;A04106;0
X51008145505.jpg;16;0.696;2PETI * 26.00 X 52.00 SR;0
X51006557202.jpg;2;0.065;40300 Shah Alam, Selangor.;0
X51005719899.jpg;1;0.048;LITTLE CRAVINGS SDN BHD (562007-D);0
X51006556726.jpg;28;0.875;required to make necessary adjus tments to its;0
X51006335547.jpg;2;0.1;LOT PT244, JLN PERBANDARAN SS6/4;0
X51006619694.jpg;5;0.167;Company Reg #01101083-T;0
X51008164996.jpg;2;0.051;No.1, Taman SrI Dengkil, Jalan air HItam;0
X51006466066.jpg;25;0.735;GSI Payable: 2.36;0
X51006557195.jpg;29;0.829;E.&.O.E.;0
X51005453802.jpg;4;0.16;TAMAN SERDANG RAYA.;0
X51007846357.jpg;47;0.723;RM43. 40;0
X51007339113.jpg;8;0.267;SANYU SUPPLY SDN BHD (1135772-K);0
X51006619341.jpg;19;0.826;06-04-16 11:53 SH01 ZJ08 T2 R000593260;0
X51005677335.jpg;16;0.552;CEMENT (50KG);1
X51006913028.jpg;36;0.571;8.21;0
X51006557508.jpg;11;0.324;47500 SUBANG JAYA, SELANGOR;0
X51005306399.jpg;2;0.083;LOT 2685 JLN GENTING KLANG;0
X51006619496.jpg;1;0.04;LOT P.T. 2811, JALAN ANGSA,;0
X51006466778.jpg;5;0.278;117, Jalan Radin Sagus, Sri Petaling;0
X51006619496.jpg;12;0.48;5588 EAGLE FRIED DACE WT SA RM13.98 s;1
X51005442384.jpg;24;0.923;Like and Follow Us on Facebaokl;0
X51005441408.jpg;17;0.708;Closed: 32 11-03-2018 00:32:02;0
X51006913059.jpg;37;0.544;Payment Mode;0
X51006414719.jpg;36;0.562;, 4.15 4.15;0
X51007339095.jpg;17;0.548;Round Adj 0.00;0
X51008042783.jpg;15;0.577;1 L MoChicken 11.10;1
X51008164420.jpg;0;0.0;POPULAR BOOK;0
X51005719864.jpg;11;0.44;0412638 2 14.90 29.80;0
X51005749905.jpg;27;0.75;4;0
X51007846357.jpg;50;0.769;RM43-40;0
X51006311780.jpg;15;0.375;CAN0LE EB001050M S*;1
X51006414631.jpg;7;0.1;UNIHAKKA INTERNATIONAL SDN BHD;0
X51005712038.jpg;11;0.355;0025679 U 3x8.00 24.00 S;0
X51005444037.jpg;21;0.5;GrillVeg-H;1
X51007339112.jpg;10;0.333;1. 2012-0029 RESTAURANT ORDER CHIT NCR;0
X51006913054.jpg;13;0.22;Konnyaku 10g;1
X51005441402.jpg;1;0.043;BISTRO & CAFE;0
X51006414599.jpg;1;0.014;A04059;0
X51005719904.jpg;7;0.241;Dine In;0
X51007846391.jpg;46;0.708;BAR WANG RICE@PERMAS JAYA;0
X00016469669.jpg;18;1.0;***please Come Again***;0
X51008114260.jpg;2;0.125;TAMAN BERKELEY;0
X51005301667.jpg;26;0.481;1059 SQUARE BLACK FRAME;0
X51005806716.jpg;23;0.852;SR 6% 6.60 3.40 7.00;0
X51007339113.jpg;25;0.833;PLEASE COME AGAIN.;0
X51005719914.jpg;24;0.558;WA50 - 30;0
X51006913073.jpg;34;0.5;$10.70;0
X51006393377.jpg;3;0.094;TAMAN BERKELEY;0
X51006619785.jpg;39;0.886;SR(6%) 73.87 4.43;0
X51005724621.jpg;19;0.528;101869 2 60.00 63.60 127.20 SR;0
X51007231365.jpg;17;0.227;I;0
X51006554833.jpg;28;0.875;S=STANDARD RATED, Z-ZERO RATED;0
X51005268200.jpg;5;0.147;SIOVNOAN JON EOV IOS SOOO;0
X51006557185.jpg;9;0.265;GROUND FLOOR, NO. 4 & 6,;0
X51007231338.jpg;27;0.397;,, 8.90 SS;0
X51006557161.jpg;19;0.594;CR-VANILLA 0.72 20 0 0 20 14.40;1
X51007846270.jpg;9;0.148;Invoice No: SP-nu11-18/06/04-1016956;0
X51005745190.jpg;2;0.049;FASARAYA BORONG SUPER SEVEN;0
X51005757199.jpg;25;0.962;Buy Chinese books online;0
X51006328919.jpg;8;0.4;BIZDATE: 10/02/2017;0
X51005361898.jpg;2;0.057;NO. 53, JALAN BESAR, 45600 BATANG BERJUNTAI;0
X51005433533.jpg;21;0.429;"SR: CS 2"" (750) PAINT BRUSH";0
X51005200938.jpg;32;0.842;FAX : 07-386 3793 TEL : 07-386 7524;0
X51006913031.jpg;28;0.5;$0.00;0
X51006401978.jpg;7;0.333;BILL NO: 00134609 / POS01;0
X51007339133.jpg;13;0.448;Discount 0.00;0
X51005447850.jpg;0;0.0;PASARAYA BORONG PINTAR;0
X51005361907.jpg;46;0.939;"Note: ("") Indicated The Item Sold Has Been Related";0
X51007339150.jpg;21;0.7;SR @ 6% 33.02 1.98;0
X00016469620.jpg;2;0.067;(C0.REG :933109-X);0
X51005719914.jpg;3;0.07;KAWASAN PERINDUSTRIAN BALAKONG,;0
X51006414392.jpg;23;0.418;#TAKE AWAY#;0
X51007846388.jpg;20;0.303;RM6.69;0
X51005722699.jpg;10;0.417;Description Amount;0
X51006414720.jpg;23;0.5;Qty: 2 Discount: 0.00;0
X51005442344.jpg;10;0.323;Doc No. : CS00035863 Date: 13/03/2018;0
X51005568911.jpg;19;0.514;LB22 - 20/1500;0
X51006414675.jpg;45;0.634;4;0
X51006556840.jpg;15;0.469;O.C. WHITE 2.13 9 2 0 7 14.91;1
X51005719886.jpg;11;0.524;NasI lemak Drumstick 9.80;1
X51005676538.jpg;5;0.156;TEL : 03-40210276;0
X51005705760.jpg;44;0.647;Rounidihg Adjustiment 21.40;0
X51005301661.jpg;42;1.0;ZR/OS/EZ 0.00 0.00;0
X51006912974.jpg;8;0.125;A05135;0
X51007339647.jpg;7;0.206;TEL: 012 - 6651783 FAX: 03 - 33623608;0
X51005361895.jpg;2;0.083;NO 43-45-47G,;0
X51005719814.jpg;15;0.625;Set10 1 6.90 0.00 6.90;0
X51007339095.jpg;27;0.871;TERIMA KASIH SILA DATANG LAGI;0
X51006556824.jpg;12;0.333;47S00 SUBANG JAYA, SELANGOR;0
X51005568914.jpg;0;0.0;IKANO HANDEL SDN BHD;0
X51006556818.jpg;20;0.606;CR-CHOCLT 0.72 6 6 0 0 0.00;1
X51007339146.jpg;17;0.515;Discount 0.00;0
X51005711456.jpg;21;0.553;SB01 Sushi Yellow;1
X51005453802.jpg;23;0.92;SR @A 150.00 9.00;0
X51006619862.jpg;17;0.81;07-06-16 15:26 SH08 B019 T3 R000041542;0
X51006414700.jpg;1;0.018;AEON CO. (M) BHD (126926-H);0
X51006414638.jpg;55;0.775;SR;0
X51005677334.jpg;1;0.036;(81109-A);0
X51006414680.jpg;8;0.127;CHERAS, 55100 KUALA LUMPUR;0
X51007339110.jpg;0;0.0;SANYU STATIONERY SHOP;0
X51006556831.jpg;6;0.214;TEL:0122648835 FAX: 603-62592420;0
X51005442361.jpg;18;0.6;1 Sour Apple Mojito sS 18.90;1
X51008164991.jpg;18;0.562;35.00;0
X51005605284.jpg;2;0.069;NO 1&3, Jalan Wangsa Delima 12,;0
X51007339152.jpg;29;1.0;Follow us in Facebook: Sanyu.Stationery;0
X51006335547.jpg;1;0.05;LOT NO. G23, GIANT KELANA JAYA;0
X51005447833.jpg;21;0.875;given Relief under Section;0
X51005705722.jpg;4;0.133;AXIS 40400 SHAH ALAM, SELANGOR.;0
X51007339132.jpg;16;0.593;Round Adj 0.00;0
X51006913051.jpg;1;0.02;LOT 211082111 JALAN PERMAS UTARA;0
X51006619709.jpg;20;0.444;PARTITION 1072 10CM S*;1
X51007231344.jpg;22;0.4;$2.50 1;0
X51008142063.jpg;10;0.263;TAMAN DESA 43800;0
X51006389963.jpg;56;0.862;Feed water TDS 000;1
X51005724554.jpg;9;0.25;SUCI ALAM JAYA TRANSPORT;0
X51006387813.jpg;20;0.5;1 x 25.90 25.90 SR;0
X51006913074.jpg;16;0.25; Qty Menu Desc Coupon Diso Price;0
X51008114216.jpg;8;0.364;STEEL WOOL SH-2# S*;1
X51005663297.jpg;11;0.167;PDP UTEK (M) SDN BHD);0
X51005719814.jpg;10;0.417;Pax:0;0
X51007339166.jpg;10;0.303;1. 2000-0240 CAMPAP CR 36364 A4 10S;0
X51007843145.jpg;13;0.241;Esjay Fuel Enterprise :;0
X51006008074.jpg;12;0.444;Tolai 8 4.24;0
X51006414733.jpg;12;0.152;1x 000008541987 7.00ZR;0
X51006555072.jpg;25;1.0;3,4013E+19;0
X51007846353.jpg;28;0.467;7 2.35 0.00 2.35 S;0
X51008142032.jpg;8;0.235;Date : 28-05-2018 23:28:57;0
X51006557117.jpg;7;0.219;Date: 30/10/2017;0
X51008099083.jpg;26;0.812;6.70;0
X51006557185.jpg;1;0.029;Cot 3, Jalan Pelabur 23/1,;0
X51007339136.jpg;31;0.795;Print Time : Thursday, 28 December, 2017 5:26:39 PM;0
X51005568898.jpg;18;0.353;0.75 SR;0
X51005719883.jpg;8;0.471;566890 17-02-18;0
X51007846357.jpg;36;0.554;2x 4.50;0
X51007225399.jpg;12;0.353;Item Qty U.Price RM;0
X51008142063.jpg;4;0.105;TEL :03-87686092 FAX 03-87686092;0
X51006008057.jpg;10;0.227;15/01/2018 13:48;0
X51006913070.jpg;5;0.074;A05138;0
X51006389865.jpg;21;0.955;SR (@ 6%) 58.11 3.49;0
X51005742068.jpg;2;0.125;Tumpat;0
X51006857660.jpg;10;0.278;Pos No 181 Shift : 1;0
X51005447861.jpg;19;0.528;P-E NXS 20.90 T;0
X51007339146.jpg;3;0.091;Mobile /Whatsapps : +6012-918 7937;0
X51005447860.jpg;20;0.741;SR @ 6% 16.71 0.99;0
X51007846366.jpg;19;0.279;-3.86;0
X51006620181.jpg;7;0.467;Date: 2016/05/01 14:11:20;0
X51007339100.jpg;28;0.966;PURPOSE **;0
X51006620414.jpg;22;0.595;RM 1.80 2 0.00 RM3.60 SR;0
X51006502529.jpg;9;0.391;POS:02;0
X51006414712.jpg;34;0.43;T SUHT (AC) LVDR-RGH 27.80;1
X51005255805.jpg;22;0.88;GOODS SOLD ARE NOT RETURNABLE.;0
X51006913074.jpg;39;0.609;Survey Code: WBE080740082052;0
X51006556646.jpg;12;0.364;VE0S: Ridzuan(11900);0
X51005433494.jpg;24;1.0;Please CoME AgaIn;0
X51007846301.jpg;24;0.381;SR 100100000031-3 Vege;1
X51008099049.jpg;25;0.833;-2003 CLOSED 15 Jun 18 09:08:37 PM--;0
X51006414674.jpg;5;0.078;i DOMINO'S PIZZA PERMAS JAYA;0
X51008164991.jpg;8;0.25;Date : 13-06-2018 22:53:19;0
X51006414714.jpg;48;0.762;Please Come Again!;0
X51007103691.jpg;12;0.429;TOPVALU BESTPRI @6.20;1
X51005663293.jpg;15;0.417;1 x 3.00 3.00 SR;0
X51006557198.jpg;0;0.0;GARDENIA BAKERIES (KL) SDN BHD (139386 X);0
X51006388069.jpg;11;0.297;1 X 2.69 2.69.9;0
X51007103599.jpg;5;0.2;43300 SERI KEMBANGAN, SELANGOR;0
X51007846307.jpg;43;0.683;tigo;0
X51005677334.jpg;3;0.107;SETAPAK,;0
X51006311767.jpg;17;0.531;DIS30 1 * 0.00 0.00;0
X51008128062.jpg;3;0.143;13, JLN TASIK UTAMA 8;0
X51006619854.jpg;9;0.562;@2XRM 1.05;0
X51008042778.jpg;3;0.111;Seksyen 9, Bandar Mahkota Cheras,;0
X51006913007.jpg;68;0.919;BONUS STAMP(S);0
X51005568880.jpg;3;0.081;KAWASAN PERINDUSTRIAN BALAKONG,;0
X51005361895.jpg;22;0.917;SR 8.49 0.51;0
X51006008089.jpg;40;0.976;Buy Chinese books online;0
X51006913070.jpg;18;0.265;$6.00 1;0
X51006912972.jpg;48;0.738;BAR WANG RICE@PERMAS JAYA;0
X51005303661.jpg;14;0.333;Address ••;0
X51006414519.jpg;39;0.609;XXXXXXXXX0053;0
X51008099054.jpg;9;0.391;Date : 11-06-2018 12:51:34;0
X51005442338.jpg;23;0.742;18/03/18 09:03 #002-1550040#;0
X51005712017.jpg;23;0.92;ink You and Please Come Again.;0
X51007231361.jpg;36;0.554;54 GRILLED CHICKEN CHOP;1
X51005361946.jpg;26;0.812;43300 SERI KEMBANGAN, SELANGOR;0
X51005447848.jpg;4;0.108;54,JALAN SS23/11.;0
X51007231344.jpg;40;0.727;Facebook.com/BarWangRice;0
X51008063849.jpg;0;0.0;MR. D.I.Y. (M) SDN BHD;0
X51005711447.jpg;12;0.48;Take Away;0
X51006414431.jpg;23;0.359;$\frac{{ 3 }$;0
X51007339647.jpg;13;0.382;ITEM QTY U/P ANOUNT;0
X51008164997.jpg;16;0.485;White Rice;1
X51006387813.jpg;30;0.75;Closed: 1528 23-04-2017 21:42:00;0
X51007103692.jpg;7;0.269;(IOI PUCHONG);0
X51008063849.jpg;6;0.286;(MELAWATI MALL);0
X51008164969.jpg;29;0.935;59.00;0
X51007846305.jpg;56;0.683;150.00;0
X51006555817.jpg;15;0.455;O.C. WHITE 2.13 5 10 0 -5 -10.65;1
X51006414599.jpg;50;0.714;1. All sales are final. Goods sold;0
X51005433553.jpg;1;0.032;S117, Second Floor,;0
X51008164420.jpg;26;0.963;www.popularonline.com.my;0
X51005361946.jpg;14;0.438;WA27 20;0
X51006414470.jpg;30;0.476;Amount;0
X51006414599.jpg;22;0.314; EUROPEAN WALNUT;1
X51006556656.jpg;28;0.824;Received above goods in good order condition.;0
X51008128062.jpg;5;0.238;57000 KL;0
X51007339120.jpg;3;0.094;Mobile /Whatsapps : +6012-918 7937;0
X51005676549.jpg;2;0.067;NO 290, JALAN AIR PANAS.;0
X51006555814.jpg;8;0.235;MAKASSAR FRESH MARKET SDN BHD;0
X51007846269.jpg;32;0.516;a;0
X51008142033.jpg;16;0.615;Noodle Item Single;1
X51008142063.jpg;2;0.053;LOT 276 JALAN BANTING;0
X51006620161.jpg;27;0.844;CODE;0
X51005806698.jpg;14;0.483;Item Discount 10% -1.16;0
X51006389888.jpg;0;0.0;99 SPEED MART S/B (519537-X);0
X51006414674.jpg;38;0.594;Did we smile at you?;0
X51005676538.jpg;31;0.969;SR 6 42.20 253;0
X51006332575.jpg;16;0.593;FABER CASTEL SUPER TRUE;1
X51008123604.jpg;4;0.133;Subang Perdana, 40150 Shah Alam;0
X51005757243.jpg;9;0.36;WANI Trans: 250504;0
X51006557193.jpg;9;0.281;GROUND FLOOR, NO. 4 & 6,;0
X51007339097.jpg;2;0.069;40170 SETIA ALAM;0
X51005676545.jpg;17;0.63;Discount : 0.00;0
X51007339166.jpg;29;0.879;TERIMA KASIH SILA DATANG LAGI;0
X51006414718.jpg;26;0.464;100.00;0
X51006335552.jpg;25;0.439;58.00 58.00 SR;0
X51006856981.jpg;13;0.433;20.00;0
X51006414638.jpg;60;0.845;Please come again;0
X51006414711.jpg;37;0.529;30.90;0
X51006389963.jpg;12;0.185;INVOICE ENO ESS447-004439;0
X51005711441.jpg;14;0.609;Take Away;0
X51007846305.jpg;23;0.28;US RED GLOBE .;1
X51007846269.jpg;41;0.661;Amount(RM);0
X51005447848.jpg;35;0.946;47.80 2.86;0
X51005663324.jpg;0;0.0;SYARIKAT PERNIAGAAN GIN KEE;0
X51006466066.jpg;3;0.088;SUSHI MENTAI PLAZA DANAU;0
X51005719873.jpg;15;0.417;Date: 21/01/2018 15:4609;0
X51006556838.jpg;9;0.265;GROUND FLOOR, NO. 4 & 6,;0
X51006913070.jpg;45;0.662;BAR WANG RICE@PERMAS JAYA;0
X51007103639.jpg;19;0.576;WA12 - 12/144;0
X51006882603.jpg;3;0.075;Company No : 734055-M;0
X51007262330.jpg;4;0.16;BATANG KALI, SELANGOR;0
X51005705760.jpg;1;0.015;TRI SHAAS SDN BHD (728515-M);0
X51006555072.jpg;2;0.08;LOT LG 315, 1-UTAMA SHOPPING CENTRE,;0
X51007339158.jpg;2;0.067;40170 SETIA ALAM;0
X51005453729.jpg;12;0.48;Name Badge (H) @ 0.5500;0
X51005433541.jpg;9;0.36;$5.50 1 $5.50;0
X51006414431.jpg;11;0.172;03/04/2018 18:33;0
X51005745296.jpg;22;0.629;1 x 1.00 1.00 SR;0
X51005447833.jpg;3;0.125;176 JLN SUNGEI BESI;0
X51006008091.jpg;17;0.586;-20.00;0
X51005568898.jpg;26;0.51;2.00 ROLL *e 1.5000;0
X51005663301.jpg;4;0.16;Tel & Fax No : 03-6258 7191;0
X51005663280.jpg;20;0.488;27.95 5;0
X51006556830.jpg;1;0.034;(1211036-W);0
X51005745188.jpg;25;0.962;SR 45.28 6 2.72.;0
X51007843145.jpg;30;0.556;Prepay Refund RM 0.00;0
X51006414671.jpg;47;0.691;BAR WANG RICE@PERMAS JAYA;0
X51006557508.jpg;8;0.235;MAKASSAR FRESH MARKET SDN BHD;0
X51006414719.jpg;55;0.859;1^ ••;0
X51005719883.jpg;1;0.059;LOT P.T. 2811, JALAN ANGSA,;0
X51005663311.jpg;6;0.214;CompanyReg No. (002231061-T);0
X51006913019.jpg;18;0.214;Aeon card DISC -4.69;0
X51006388044.jpg;0;0.0;PERNIAGAAN RIANG RIA;0
X51007846366.jpg;53;0.779;refundable;0
X51005757351.jpg;10;0.417;9555221300282 2 X 6.50 13.00;0
X51008099087.jpg;22;1.0;B8Z (@ 0%) 7.80 0.00;0
X51008142032.jpg;11;0.324;1 D 70.00 SR;0
X51007231361.jpg;38;0.585;99 ICED LEMON TEA;1
X51007231374.jpg;27;0.429;2.09;0
X51005577192.jpg;4;0.138;43300 SERI KEMBANGAN,;0
X51006913073.jpg;22;0.324;SR I00100000035- 1 Meat + 3 Vege;1
X51006401869.jpg;2;0.1;47301 PETALING JAYA;0
X51007846398.jpg;8;0.136;22/06/2018 18:07;0
X51005568911.jpg;0;0.0;MR. D.I.Y. (KUCHAI) SDN BHD;0
X51006008073.jpg;0;0.0;PRINT EXPERT SDN BHD;0
X51006913055.jpg;4;0.062;Tel : 607-556 1878;0
X51005705760.jpg;29;0.426;UMOE S/NT 100MX75M, N/YLW 3.00;1
X51006414483.jpg;22;0.324;$0.50;0
X51007339653.jpg;4;0.118;NO. 17-G, JALAN SETIA INDAH;0
X51005605335.jpg;12;0.4;2pc @ 13.69 27.38 3 T;0
X51006555818.jpg;7;0.194;Date: 24207/2017;0
X51006414519.jpg;42;0.656;Attendant:;0
X51005268262.jpg;13;0.5;24MMX7Y M.ONE TAPE;1
X51005711456.jpg;13;0.342;B1 Green Tea;1
X51006387812.jpg;28;0.933;Date: 23/04/2017 Tiee;0
X51007103702.jpg;15;0.556;WA33 - 12/144;0
X51005361907.jpg;24;0.49;CLEAR HOLDER;1
X51007846353.jpg;15;0.25;PS8418065765 16/06/2018;0
X51008099049.jpg;19;0.633;10% Srv Chg 1.55;0
X51005745296.jpg;2;0.057;NO. 9-G, JALAN PERUBATAN 2,;0
X51006556591.jpg;14;0.438;Description U.P Iss Exc D Sale Amt(RM);0
X51007339167.jpg;23;0.697;Date : 11/12/2017;0
X51007846410.jpg;29;0.426;A1 LO BAK RICE - SET 1;1
X51005442341.jpg;0;0.0;RESTAURANT SIN DU;0
X51006619785.jpg;33;0.75;W13460g0;0
X51007846269.jpg;20;0.323;SR 100100000006- Pork :;1
X51007231365.jpg;27;0.36;DN3 Dry Curry EN;1
X51007391372.jpg;15;0.455;SR:BPCS AA ENERGIZER(BP.ME)WF;1
X51005676544.jpg;3;0.111;SETAPAK,;0
X51008114284.jpg;4;0.19;43300 SERI KEMBANGAN, SELANGOR;0
X51006414392.jpg;51;0.927;--- [ POSWAY - MYTH POS SOLUTION] ;0
X51006311764.jpg;12;0.48;POINT EARNED : 0;0
X51006557199.jpg;29;0.853;The recipient of Gardenia's products is;0
X51005442327.jpg;2;0.071;(867388-U);0
X51005746140.jpg;10;0.417;9555223500307 24 2.33 55.99;0
X51006867436.jpg;11;0.344;6% IKX Z DISC 0.24;0
X51006555818.jpg;30;0.833;Received above goods in good srder condition.;0
X51008114321.jpg;9;0.375;45.45 litre Pump # 12;1
X51006466062.jpg;11;0.579;s RM5.00;0
X51006311778.jpg;17;0.515;Chenge: 2.60;0
X51005447860.jpg;7;0.259;1x 000004089728 5.90SR;0
X51006414636.jpg;44;0.579;in 42 00O0;0
X51007339136.jpg;27;0.692;SR @ 6% 44.25 2.65;0
X51005568881.jpg;1;0.042;Company Reg. No. : 001055194X;0
X51006867436.jpg;0;0.0;Guardian Health And Heauty Sdn Bhd;0
X51005745190.jpg;33;0.805;Nel letal RM367.10;0
X51005230617.jpg;5;0.152;Licensee of McDonald's;0
X51006556646.jpg;1;0.03;Lot 3, Jalan Pelabur 23/1,;0
X51007339653.jpg;7;0.206;TEL: 012 - 6651783 FAX: 03 - 33623608;0
X51005806716.jpg;5;0.185;03-41318972;0
X51006466066.jpg;17;0.5;Shiro Ramen;1
X51007846305.jpg;12;0.146;1x 000001038556 15,56SR;0
X51005442386.jpg;10;0.37;SR I00100000035- 1 Meat + 3 Vege;1
X51006387953.jpg;20;0.909;Charge RMO.00;0
X51006619342.jpg;0;0.0;MR. D.I.Y. (KUCHAI) SDN BHD;0
X51006857660.jpg;3;0.083;No.41G,J1n S521/60.Damansara;0
X51005453802.jpg;13;0.52;809 Metal Name Badge Clip 2 SR 42.40;1
X51007339133.jpg;4;0.138;Tel: +603-3362 4137;0
X51007339136.jpg;16;0.41;(BLUE) - (57MMx60MMx12MM);1
X51006008091.jpg;25;0.862;AND ENJOY SPECIAL DISCOUNTS;0
X51007339166.jpg;33;1.0;Follow us in Facebook : Sanyu.Stationery;0
X51006008086.jpg;25;0.833;BE A POPULAR CARD MEMBER;0
X51005757248.jpg;13;0.406;WC W/O H&F;0
X51005719814.jpg;19;0.792;Service Charge RM 0.00;0
X51006556656.jpg;20;0.588;CR-CORN 0.72 15 7 0 8 5.76;1
X51006414470.jpg;12;0.19;,s;0
X51008164998.jpg;15;0.6;1 D 3.00 SR;0
X51005447839.jpg;8;0.296;POS No: 1;0
X51005806698.jpg;4;0.138;53300 Kuala Lumpur;0
X51006555784.jpg;11;0.355;475O0 SUBANG JAYA, SELANGOR;0
X51006387812.jpg;13;0.433;4902505482038  PILOT BP-IRT BALLPOINT PE;1
X51007103641.jpg;27;0.871;19-04-18 18:04 SH01 ZJ86 T1 R000118085;0
X51005442338.jpg;11;0.355;1 VEGETABLES 1.00 ZRL;1
X51005711404.jpg;4;0.138;43200 Cheras, Selangor;0
X51007339651.jpg;15;0.441;4060010002913 Cd 3.50 7.00 s;0
X51006556823.jpg;3;0.097;Tel:03-55423228 Fax:03-55423213;0
X51006008057.jpg;16;0.364;15.00 0.00 15.00 SR;0
X51005705760.jpg;54;0.794;1.21;0
X51007225398.jpg;13;0.481;001697 5.00 1.00 5.00 SR;0
X51007103702.jpg;10;0.37;WA26 - 12/144;0
X51005711452.jpg;5;0.179;No.3, Jalan SS21/39,47400 Petaling Jaya;0
X51006619343.jpg;13;0.419;JD32 - 100;0
X51006556738.jpg;11;0.306;47500 SUBANG JAYA, SELANGOR;0
X51005568827.jpg;28;0.933;Inquries: 012-3225548;0
X51006311778.jpg;21;0.636;www.exprintshop.com;0
X00016469623.jpg;21;0.636;PI12PJ11-4 -6/300;0
X51006620190.jpg;13;0.565;8800796 2Z 4.50 9.00;0
X51005806678.jpg;0;0.0;KAISON FURNISHING SDN BHD;0
X51005719883.jpg;4;0.235;1362-JLN DEVELOPMENT;0
X51006619709.jpg;31;0.689;Qty(s) : 13;0
X51007846395.jpg;15;0.254;No.3, Jalan SS21/39, 47400 Petal ing Jaya;0
X51006350750.jpg;0;0.0;GHANDNCRAFT&TANORING;0
X51006856981.jpg;8;0.267;Λ 13.78 c;0
X51005587267.jpg;35;0.833;rint Date: 4/02/2017 03:30:29PM;0
X51007231374.jpg;18;0.286;"""n";0
X51008123451.jpg;2;0.091;NO.50 , JALAN PBS 14/11 ,;0
X51007339107.jpg;11;0.344;4 X 2.9000 11.60 SR;0
X51006414631.jpg;21;0.3;SR I00100000064-Add Vegetable;1
X51007846451.jpg;14;0.226;5;0
X51008042792.jpg;13;0.542;1 X 2.80 2.80 SR;0
X51005677331.jpg;14;0.438;12M WIRE ROPE CLIP;1
X51005711442.jpg;13;0.52;1 x 2.20 2.20 SR;0
X51005685355.jpg;12;0.429;MAKANAN 2.30 2.30 S;1
X51005442394.jpg;10;0.385;SR 100100000015- Vegetable;1
X51006619785.jpg;15;0.341;8 089884 1 0.70 26.70 26.708R;0
X51006556656.jpg;9;0.265;GROUND FLOOR, NO. 4 & 6,;0
X51006913007.jpg;4;0.054;3RD FLR, AEON TAMAN MALURI SC;0
X51005306399.jpg;16;0.667;6,01884E+15;0
X51006555806.jpg;26;0.788;E.&.0.E.;0
X51005711441.jpg;0;0.0;REStoRAN WAN SHENg;0
X51006414718.jpg;53;0.946;te 5.;0
X51005719906.jpg;29;0.806;SAT-SUN11:00am-10:00pm;0
X51007846368.jpg;74;0.841;473.30 0.00;0
X51008128062.jpg;12;0.571;ITEM QTY U/P(RM) DISC(%) Ani Lt (RM);0
X51008042783.jpg;6;0.231;Selangor;0
X51005453802.jpg;9;0.36;30/03/2018 No. . CS-20322;0
X51005568827.jpg;17;0.567; 605 tra DA 1.50 SR;0
X51008128052.jpg;9;0.529;KUO POH (C) (2 PAX) 6.00;1
X51007846325.jpg;19;0.279;Coca-Cola 320ml;1
X51005303661.jpg;30;0.714;CA. RM 73.00;0
X51006557199.jpg;28;0.824;Received above goods in good order condition.;0
X51007339643.jpg;12;0.353;SALESPERSON : AH002 TIME: 16:44:00;0
X51005568911.jpg;2;0.054;LOT 1851-A & 1851-B, JALAN KPB 6,;0
X51005705804.jpg;8;0.205;Bill To :;0
X51006414470.jpg;20;0.317;SR 100100000060- 4 Vege;1
X51006557119.jpg;11;0.355;47S00 SUBANG JAYA, SELANGOR;0
X51005685357.jpg;3;0.111;23, J1n Burung Jentayu, Tmn Bukit;0
X51006392299.jpg;22;0.917;Points : 1,460;0
X51005722699.jpg;11;0.458;PB D/S Tape 12mm 1.90 T;1
X51007262330.jpg;0;0.0;SWC ENTERPRISE SDNBHD;0
X51007846395.jpg;40;0.678;12.80;0
X51005677332.jpg;2;0.071;NO 290. JALAN AIR PANAS,;0
X51006619343.jpg;3;0.097;43300 seri Kembangan, Selangor;0
X51006466065.jpg;24;1.0;Goods Cold Are Non Refundable;0
X51005605333.jpg;4;0.143;No 8, Jalan 7/l19B, Desa Tun Razak;0
X51007339162.jpg;3;0.091;Mobile /Whatsapps : +6012-918 7937;0
X51006557202.jpg;15;0.484;O.C. WHITE 2.13 9 2 0 7 14.91;1
X51006557185.jpg;7;0.206;VEOS14 Date: 17/10/2017;0
X51006556841.jpg;14;0.438;Description U.P Iss Exc D Sale Amt(RM);0
X51005441407.jpg;2;0.074;965857-A;0
X51006414711.jpg;39;0.557;Payment • *;0
X51006414392.jpg;47;0.855;Goods Sold Are Not Returnable!;0
X51006619785.jpg;44;1.0;Involice. (Terme & Conditicns spplled);0
X51006414599.jpg;9;0.129;NO. 1, JALAN DESA TEBRAU,;0
X51006414700.jpg;32;0.582;SR @ 6% 9.62 0.58 ,;0
X51007846286.jpg;29;0.397;RM1.03;0
X51007339642.jpg;12;0.353;ALESPERSON : AH002 TINE:15:10:00;0
X51005685357.jpg;16;0.593;TENDER 100.00;1
X51006414733.jpg;38;0.481;1x 000000820868 8.00ZR;0
X51005453729.jpg;11;0.44;Durafile H399 (110 x 95mm) 100 SR 58.30;1
X51005568827.jpg;6;0.2;GUEST CHECK;0
X51006350763.jpg;12;0.5;NONA MACRYIC YARN;0
X51005719873.jpg;27;0.75;Code Amount;0
X51006556838.jpg;34;1.0;CUSTOMER'SCOPY;0
X51006392299.jpg;7;0.292;CB*;0
X51005441402.jpg;0;0.0;THREE STOOGES;0
X51007339653.jpg;13;0.382;SALESPERSON : AHO02 TIME: 17:57:00;0
X51005677335.jpg;9;0.31;Doc No : CS00012922 Date: 24/01/2018;0
X51006556824.jpg;11;0.306;JALAN SS 15/4B,;0
X51005676541.jpg;5;0.152;TEL : 03-40210276;0
X51007135037.jpg;26;0.963;SR = 6% 67.92 4.08;0
X51008042778.jpg;16;0.593;Take Away;0
X51005676549.jpg;16;0.533;6' X 35# CORRUGATED ROOFING SHEET;1
X51007135037.jpg;12;0.444;S/P : SALES Inv No : CS-0004323;0
X51005301661.jpg;20;0.476;T5 J0INT 2PIN 2PCS;1
X51006414671.jpg;51;0.75;Like and Follow Us on Facebook!;0
X51005447850.jpg;13;0.542;POKKA COFFEE VANILLA MILK COFFEE;1
X51005889296.jpg;26;1.0;20l4l8;0
X51005719912.jpg;9;0.29;121095079 GDN MC H/W enC ROM 5.90;1
X51005745296.jpg;7;0.2;Table T13;0
X51005677329.jpg;0;0.0;SYARIKAT PERNIAGAAN GIN KEE;0
X51007339120.jpg;25;0.781;Goods sold are not Returnable & Refundable;0
X51005442397.jpg;0;0.0;Triple Six Point Enterprise 666;0
X51007103599.jpg;3;0.12;LOT 1851-A & 1851-B, JALAN KPB 6,;0
X00016469623.jpg;2;0.061;(CO.REG : 860671-D);0
X51006008074.jpg;26;0.963;charges.;0
X51006912960.jpg;10;0.222;Waiter: ANJO;0
X51005705760.jpg;17;0.25;PLASTIC BAG RMO.20 5.20;1
X51006647932.jpg;11;0.44;Qty Description Amount;0
X51007846325.jpg;26;0.382;King Oyster Mushroom -Unit -Unit;1
X51006389963.jpg;24;0.369;VALUE PACK A - BP SER SR 235.85 -;1
X51005757201.jpg;26;0.51;1x 000003767016 7.30SR;0
X51005268472.jpg;27;0.509;DOREMON CATCAT JOY 15G;1
X51006334926.jpg;17;0.586;NO Ice;1
X51005447850.jpg;21;0.875;ZRL = 0 % 3.20 0.00;0
X51007846286.jpg;3;0.041;Warning: IllegalMediaSource;0
X51005568891.jpg;12;0.308;BRACKET(END);1
X51007231336.jpg;44;0.688;BAR WANG RICE@PERMAS JAYA;0
X51005587267.jpg;16;0.381;HYCLIP BINDER CLIP 15MM 125 EA .S;1
X51006311779.jpg;22;0.611;For any enquiry, please e-mail us:;0
X00016469620.jpg;4;0.133;KAWASAN PERINDUSTRIAN BALAKONG,;0
X51008142038.jpg;17;1.0;Keep the invoice for applicable returns;0
X51007339097.jpg;29;1.0;Follow us in Facebook : Sanyu.Stationery;0
X51008164510.jpg;6;0.429;#027553 27/06/2018 12:45;0
X51008114284.jpg;8;0.381;CYLINDRICAL LOCK 3871SS *S;1
X51006619765.jpg;32;0.667;Item(s) : 7;0
X51006008089.jpg;4;0.098;No 8, Jalan 7/l18B, Desa Tun Razak;0
X51005301661.jpg;1;0.024;No: 28, JALAN ASTANA 1C,;0
X51006557170.jpg;16;0.516;WHOLEMEAL 2.78 ∞ m 2 0 6 16.68;1
X51007846269.jpg;49;0.79;Like and Follow Us on Facebook!;0
X51006414519.jpg;26;0.406;RM 50.00;0
X51005757201.jpg;1;0.02;3RD FLR, AEON TAMAN MALURI SC;0
X51005605334.jpg;24;0.923;www.popular.com.my;0
X51006557198.jpg;30;0.857;The recipient of Gardenia's products is;0
X51008114284.jpg;9;0.429;GA06-07 - 6/24;0
X51006388064.jpg;12;0.4;PIL CHI-KIT TECK AUN (12'S) SR;1
X51008099087.jpg;8;0.364;Date : 11-06-2018 17:11:42;0
X51006335314.jpg;6;0.231;TABLE : 08;0
X51007231361.jpg;1;0.015;S0f;0
X51008114266.jpg;2;0.105;JAMAN BERKELEY;0
X51006867436.jpg;1;0.031;Bandar Baru Kawang;0
X51006557178.jpg;11;0.344;47500 SUBANG JAYA, SELANGOR;0
X51008164998.jpg;3;0.12;43800 DENGKIL, SELANGOR,;0
X51006466778.jpg;9;0.5;REG C01 64-05-2013 16:07 456277;0
X51007846301.jpg;12;0.19;12, Jalan Tampoi 7/4,Kawasan Perindustrian;0
X51005663280.jpg;15;0.366;j-4 TOSTADA CHIPS;1
X51005745187.jpg;2;0.074;NO.15 JIN TSJ2,TMN SUBANG JASA.;0
X51006913054.jpg;47;0.797;3;0
X51007846305.jpg;17;0.207;1x 000006429720 10.28SR;0
X51006556824.jpg;2;0.056;40300 Shah Alam, Selangor.;0
X51006414733.jpg;32;0.405;1x 000000381093 4.33ZR;0
X51005447861.jpg;16;0.444;Spring Issue 20% Reba;0
X51008123450.jpg;0;0.0;Sanjung Realiti Sdn. Bhd. (779763-K);0
X51005605335.jpg;2;0.067;(Co. No. 113825-w);0
X51006913019.jpg;80;0.952; www.surveymonkey.com/r/AEoNcsIS (store);0
X00016469623.jpg;14;0.424;WD40 277m1 M00 2572;0
X51006619854.jpg;6;0.375;INVOICE NO : 17698/103/70184;0
X51006556738.jpg;2;0.056;40300 Shah Alam, Selangor.;0
X51007339158.jpg;12;0.4;50 X 0.1000 5.00 SR;0
X51005749905.jpg;15;0.417;001533 1.00;0
X51007262315.jpg;14;0.424;ORD #94 -REG #19- 21/05/2018 11:59:48;0
X51008042793.jpg;15;0.517;ALL SOFT DRINK CAN;1
X51006008074.jpg;14;0.519;Discount 0.00;0
X51005677339.jpg;2;0.069;LOT 1-0-2, JLN 1/50.;0
X51006556823.jpg;12;0.387;VE05: Ridzuan (11900);0
X51005442384.jpg;0;0.0;UNIHAKKA INTERNATIONAL SDN BHD;0
X51005724554.jpg;8;0.222;Bill To :;0
X51006414633.jpg;45;0.662;Like and Follow Us on Facebook!;0
X51006912974.jpg;51;0.797;4;0
X51006619561.jpg;8;0.178;DATE : 12/13/2016 9:52:15 AM;0
X51005361946.jpg;28;0.875;LOT 1851-A & 1851-B, JALAN KPB 6,;0
X51005719873.jpg;3;0.083;CT281 - Tealive Shell Kepong;1
X51005663280.jpg;18;0.439;29.95 S;0
X51007103675.jpg;12;0.48;WA57 - 16;0
X51008099083.jpg;1;0.031;002043319-W;0
X51007846357.jpg;15;0.231;#195360;0
X51006619765.jpg;35;0.729;RM 100.00;0
X51006556650.jpg;2;0.061;40300 Shah Alam, Selangor.;0
X51008142061.jpg;1;0.029;(0005583085-K);0
X51008114281.jpg;2;0.118;TR RA;0
X51007339112.jpg;11;0.367;"3.5""x6""";0
X00016469622.jpg;2;0.077;(JM0517726);0
X51005705760.jpg;41;0.603;2.50;0
X51006350763.jpg;13;0.542;8.00 PETS * 13.00 104.00 SR;1
X51006466056.jpg;23;0.697;Item Count 3;0
X51007225399.jpg;20;0.588;001065 1.00 2.50 2.50 SR;0
X51007103599.jpg;14;0.56;S;0
X51006882603.jpg;33;0.825;15.40 0.91;0
X51006008086.jpg;23;0.767;Z. @ 0% 0.00 0.00;0
X51006619496.jpg;10;0.4;0954 MISTER POTATO BBQ (B) RM4.90 s;1
X51007339136.jpg;7;0.179;SANYU SUPPLY SDN BHD (1135772-K);0
X51006466066.jpg;34;1.0;(Guest Signature);0
X51007339653.jpg;6;0.176;SEKSYEN U13, 4D170 ShAH ALAm.;0
X51007103691.jpg;3;0.107;CHERAS, 55100 KUALA LUMPUR;0
X51006913007.jpg;7;0.095;CHERAS, 55100 KUALA LUMPUR;0
X51007846410.jpg;18;0.265;CS10031697 Table:;0
X51008164996.jpg;19;0.487;Beverage;1
X51008142005.jpg;23;0.639;-0.02;0
X51006414636.jpg;60;0.789;.1044;0
X51005442338.jpg;9;0.29;1 VEGETABLES 2.20 ZRL;1
X51005685355.jpg;27;0.964;Jaya SthnAnd;0
X51005757304.jpg;11;0.458;5.90 x 3 17.70 SR;0
X51005442361.jpg;3;0.1;Timeless Kitchenette Sdn Bhd;0
X51005712038.jpg;13;0.419;PD 3.20 -3.80;0
X51006713996.jpg;27;0.931;01-Nov-2017 11:20:04AM R05934;0
X51007846301.jpg;25;0.397;RM4.15;0
X51005568884.jpg;3;0.143;KAWASAN PERINDUSTRIAN BALAKONG,;0
X51007231374.jpg;33;0.524;24.10;0
X51005361883.jpg;23;0.697;AMOUNT;0
X51008164999.jpg;13;0.394;1 D 30.00 SR;0
X51008164524.jpg;9;0.391;HAOGHD01-3 - 70;0
X51006327976.jpg;9;0.243;Invoice No : KJ1-248350;0
X51006913073.jpg;12;0.176;Tampoi, 81200 Johor Bahru, Johor;0
X51005568880.jpg;14;0.378;CEMENT KN BLK-2;1
X51007846305.jpg;32;0.39;1x 000007773877 7.90SR;0
X51006414679.jpg;23;0.397;1 D15;1
X51006414394.jpg;26;0.388;2 DRO02C THAI ICE GREEN 13.80;1
X51005442327.jpg;10;0.357;SR I00100000064-Add Vegetable;1
X51006350750.jpg;9;0.375;Date : 27/03/2018 16:34;0
X51006556646.jpg;11;0.333;47500 SUBANG JAYA, SELANGOR;0
X51005757349.jpg;10;0.435;Inv No : CS-0014134;0
X51006557199.jpg;11;0.324;47500 SUBANG JAYA, SELANGOR;0
X51006414636.jpg;64;0.842;4;0
X51005757248.jpg;0;0.0;AEON CO. (M) BHD (126926-H);0
X51007846370.jpg;22;0.338;RM6.69;0
X51005712039.jpg;2;0.083;NO. 49, JALAN MAHAGONI 7/2,;0
X51005724554.jpg;20;0.556;BESI Y 12 (CQ);1
X51006619697.jpg;9;0.31;REG YENG LIN 13-02-2016 02:29 PM 088341;0
X51007339100.jpg;27;0.931;PURCHASE DATE FOR I.T PRODUCT WARRANTY;0
X51006882603.jpg;13;0.325;STK QTY RM;0
X51007103702.jpg;11;0.407;1 X 1.80 1.80;0
X51005719886.jpg;6;0.286;10256;0
X51007846451.jpg;46;0.742;1;0
X51007846286.jpg;13;0.178;(867388-U) .;0
X51005361900.jpg;31;0.969;GOODS SOLD ARE NOT RETURNABLE,;0
X51006619698.jpg;10;0.455;6934091453268 1 X 3.50 0 3.50;0
X51007846412.jpg;39;0.487;1;0
X51005677328.jpg;17;0.63;Discount: 0.00;0
X00016469672.jpg;23;0.59;GREASE FOR TOOLS 40ML (AKODA);1
X51006387850.jpg;19;0.704;DISC 0.00;0
X51008030566.jpg;12;0.444;Cham (B);0
X51007103643.jpg;11;0.344;SPONGE S/MAGIC 4S *S;1
X51007846301.jpg;20;0.317;SR I00100000171-Meat Dish;1
X51008142065.jpg;3;0.075;43800 DENGKIL, SELANGOR.;0
X51006913019.jpg;57;0.679;REGULAR STAMP(S) : 14;0
X51006912974.jpg;32;0.5;$0.00;0
X51006619777.jpg;6;0.316;INVOICE NO : 17714/102/T0382;0
X51006912972.jpg;13;0.2;(867388-U);0
X51006414711.jpg;65;0.929;Dommal Food Services Sdn Bhd;0
X51008123476.jpg;13;0.65;02992887002011018176397900??;0
X51006647932.jpg;8;0.32;Date 14/05/2018 12:14:08 PM;0
X51005444033.jpg;11;0.393;Dole Pineapple Pcs;1
X51006733494.jpg;1;0.031;3, Jalan Perdana 5, Taman Indah Perdana,;0
X51006557168.jpg;0;0.0;GARDENIA BAKERIES (KL) SDN BHD (139386 X);0
X51005268472.jpg;8;0.151;Time: 00:06:00;0
X51005745190.jpg;19;0.463;FM411000055 *4 252.00 ZR;0
X51007103578.jpg;17;0.472;TEST PEN 886A;1
X51008142034.jpg;7;0.292;FOO 09/05/2018 1:12:43 PM;0
X51006913068.jpg;13;0.22;Selangor;0
X51006555072.jpg;1;0.04;(201283-M);0
X51006556730.jpg;15;0.6;VOLUME : 2 Items;0
X51007225442.jpg;9;0.333;TZ11 - 12/120;0
X51006557119.jpg;24;0.774;.&.0.E.;0
X51007339157.jpg;25;0.833;PLEASE COME AGAIN.;0
X51005663277.jpg;2;0.071;(81109-A);0
X51005568880.jpg;24;0.649;CURTAIN STRAPS *S;1
X51008142068.jpg;9;0.265;NO 1 JALAN AMAN 2;0
X51006311779.jpg;2;0.056;Anzel Advertising (M) Sdn bhd (75e7a5-H);0
X51006555784.jpg;10;0.323;JALAN SS 15/4B,;0
X51006311780.jpg;13;0.325;WA36 - 12;0
X51005447848.jpg;27;0.73;Gross Amt 47.80;0
X51008164992.jpg;6;0.171;Table 31;0
X51005447839.jpg;17;0.63;1 10.00 0.00;0
X51008114266.jpg;17;0.895;5 = 6% 21.60 1.31;0
X51007339118.jpg;8;0.276;SANYU SUPPLY SDN BHD (1135772-K);0
X51005685357.jpg;11;0.407;910845 - TRILON-E CRM;1
X51006555780.jpg;0;0.0;GARDENIA BAKERIES (KI) SDN BHD (139386 X);0
X51006867436.jpg;8;0.25;121056217 PRINGLES SUUR/Ck 4.80 S;1
X51005676546.jpg;17;0.63;Discount: 0.00;0
X51005587267.jpg;8;0.19;Trans # : 261172;0
