row_ratio,word_count,digit_ratio,starts_alpha,price_count,price_at_end,ends_with_price_strict,multi_price,has_qty_pattern,has_blacklist,has_item_hint,has_summary_keyword,label
0.367,2,0.5,0,0,0,0,0,0,0,0,0,0
0.04,2,0.0,1,0,0,0,0,0,0,0,0,0
1.0,1,0.3888888888888889,1,2,1,1,1,0,0,0,0,0
0.111,3,0.09090909090909091,0,0,0,0,0,0,0,1,0,0
0.949,0,0.8214285714285714,0,0,0,0,0,0,0,1,0,0
0.3,1,0.5,0,1,0,0,0,0,0,0,0,0
0.515,2,0.3333333333333333,1,1,0,0,0,0,0,0,0,0
0.704,1,0.3181818181818182,1,2,1,1,1,0,0,0,0,0
0.435,0,0.8076923076923077,0,2,1,1,1,0,0,0,0,0
0.565,0,0.7,0,2,1,1,1,0,0,0,0,0
0.5,1,0.625,0,3,0,0,1,0,0,0,0,0
0.3,0,0.6052631578947368,1,0,0,0,0,0,0,0,0,0
0.0,3,0.0,1,0,0,0,0,0,0,1,0,0
0.243,2,0.5294117647058824,0,2,0,0,1,1,0,1,0,0
0.182,2,0.42857142857142855,1,0,0,0,0,0,0,0,0,0
0.0,4,0.0967741935483871,1,0,0,0,0,0,0,1,0,0
0.492,1,0.3333333333333333,1,0,0,0,0,0,0,0,0,0
0.053,3,0.14285714285714285,1,0,0,0,0,0,0,1,0,0
0.68,0,0.0,1,0,0,0,0,0,0,0,0,1
0.3,1,0.0,0,0,0,0,0,0,0,1,0,0
0.51,5,0.06976744186046512,1,0,0,0,0,0,0,1,0,1
0.703,1,0.6666666666666666,0,2,1,1,1,1,0,1,0,0
0.185,1,0.5882352941176471,1,0,0,0,0,0,0,0,0,0
0.419,2,0.19047619047619047,0,1,0,0,0,0,0,1,0,1
0.065,2,0.17391304347826086,0,0,0,0,0,0,0,1,0,0
0.471,2,0.06896551724137931,1,0,0,0,0,0,0,0,0,1
0.438,0,0.5714285714285714,1,0,0,0,0,0,0,0,0,0
0.963,0,0.0,1,0,0,0,0,0,0,1,0,0
1.0,4,0.0,1,0,0,0,0,0,0,0,0,0
0.318,2,0.35294117647058826,1,0,0,0,0,0,0,0,0,0
0.105,2,0.625,1,0,0,0,0,0,0,1,0,0
0.73,2,0.26666666666666666,1,1,1,1,0,0,0,1,0,0
0.691,3,0.0,1,0,0,0,0,0,0,1,0,0
0.119,4,0.0,1,0,0,0,0,0,0,0,0,0
0.524,0,0.8,0,1,1,1,0,0,0,0,0,0
0.727,0,0.0,1,0,0,0,0,0,0,1,0,0
0.355,2,0.625,0,2,0,0,1,1,0,1,0,0
0.567,2,0.375,0,1,1,1,0,0,0,0,0,1
0.038,2,0.09375,1,0,0,0,0,0,0,1,0,0
0.48,0,0.4444444444444444,1,0,0,0,0,0,0,0,0,0
0.962,1,0.5,1,2,0,0,1,0,0,0,0,0
0.952,3,0.0,1,0,0,0,0,0,0,0,0,0
0.213,2,0.0,1,0,0,0,0,0,0,0,0,0
0.839,0,1.0,0,0,0,0,0,0,0,0,0,0
0.388,3,0.2413793103448276,0,1,1,1,0,0,0,1,0,1
0.519,4,0.0,1,0,0,0,0,0,0,1,0,1
0.279,1,0.0,1,0,0,0,0,0,0,0,0,0
0.7,1,0.4117647058823529,1,2,1,1,1,0,0,0,0,0
0.962,1,0.4,1,2,1,1,1,0,0,0,0,0
0.382,0,0.6,1,0,0,0,0,0,0,0,0,0
0.415,0,1.0,0,0,0,0,0,0,0,0,0,0
0.683,1,0.0,1,0,0,0,0,0,0,1,0,0
0.091,0,0.6451612903225806,1,0,0,0,0,0,0,1,0,0
0.0,3,0.0,1,0,0,0,0,0,0,0,0,0
0.333,1,0.4,1,0,0,0,0,0,0,0,0,0
0.13,1,0.1724137931034483,0,0,0,0,0,0,0,1,0,0
0.0,2,0.0,1,0,0,0,0,0,0,0,0,0
0.222,2,0.0,1,0,0,0,0,0,0,0,0,0
0.214,1,0.32142857142857145,1,0,0,0,0,0,0,1,0,0
0.057,5,0.19444444444444445,0,0,0,0,0,0,0,0,0,0
0.458,2,0.07142857142857142,0,0,0,0,0,0,0,0,0,1
0.0,4,0.0,1,0,0,0,0,0,0,1,0,0
0.714,5,0.029411764705882353,0,0,0,0,0,0,0,1,0,0
0.095,3,0.2727272727272727,1,0,0,0,0,0,0,0,0,0
0.067,0,0.3888888888888889,0,0,0,0,0,0,0,1,0,0
0.344,2,0.18518518518518517,0,0,0,0,0,0,0,1,0,0
0.309,0,0.0,1,0,0,0,0,0,0,0,0,0
0.265,0,0.47058823529411764,1,0,0,0,0,0,0,0,0,0
0.032,3,0.15384615384615385,1,0,0,0,0,0,0,0,0,0
0.417,1,0.6956521739130435,0,2,1,1,1,1,0,1,0,0
0.519,1,0.0,1,0,0,0,0,0,0,0,0,0
0.833,0,0.0,0,0,0,0,0,0,0,0,0,0
0.034,4,0.15384615384615385,1,0,0,0,0,0,0,1,0,0
0.533,3,0.05555555555555555,1,0,0,0,0,0,0,1,0,1
0.026,0,0.6923076923076923,0,0,0,0,0,0,0,0,0,0
0.582,2,0.34782608695652173,0,1,1,1,0,0,0,0,0,1
0.52,2,0.4375,0,2,0,0,1,1,0,1,0,0
0.846,3,0.2692307692307692,0,0,0,0,0,0,0,0,0,0
0.824,6,0.0,1,0,0,0,0,0,0,1,0,0
0.0,2,0.0,1,0,0,0,0,0,0,0,0,0
0.6,2,0.36363636363636365,0,1,0,0,0,0,0,0,0,0
0.731,1,0.5,1,2,1,1,1,0,0,0,0,0
0.595,2,0.4166666666666667,1,3,0,0,1,0,0,0,0,0
0.481,3,0.17391304347826086,0,0,0,0,0,0,0,0,0,0
0.243,0,0.8,0,1,1,1,0,0,0,0,0,0
0.863,1,0.4444444444444444,1,2,1,1,1,0,0,0,0,0
0.278,4,0.08333333333333333,0,0,0,0,0,0,0,1,0,0
0.957,5,0.0,1,0,0,0,0,0,0,1,0,0
0.441,1,0.5,0,2,0,0,1,0,0,0,0,0
0.643,2,0.42857142857142855,0,3,0,0,1,0,0,0,0,0
0.317,1,0.24,1,0,0,0,0,0,0,0,0,0
0.036,1,0.0,1,0,0,0,0,0,0,0,0,0
0.303,0,0.5,1,1,1,1,0,0,0,0,0,0
0.5,3,0.0,1,0,0,0,0,0,0,0,0,0
0.185,0,0.9090909090909091,0,0,0,0,0,0,0,0,0,0
0.408,1,0.0,1,0,0,0,0,0,0,0,0,0
0.571,3,0.13636363636363635,1,1,1,1,0,0,0,0,0,0
0.0,3,0.0,1,0,0,0,0,0,0,0,0,0
0.36,3,0.0625,1,0,0,0,0,0,0,0,0,1
0.244,1,0.6818181818181818,0,2,1,1,1,1,0,1,0,0
0.247,1,0.5357142857142857,1,0,0,0,0,0,0,0,0,0
0.731,1,0.4117647058823529,1,2,1,1,1,0,0,0,0,0
0.926,1,0.5,1,2,1,1,1,0,0,0,0,0
0.581,2,0.36363636363636365,0,1,0,0,0,0,0,0,0,0
1.0,1,0.0,0,0,0,0,0,0,0,1,0,0
0.143,3,0.14285714285714285,0,0,0,0,0,0,0,0,0,0
0.758,1,0.39473684210526316,1,0,0,0,0,0,0,0,0,0
0.375,1,0.2857142857142857,1,0,0,0,0,0,0,0,0,0
0.263,2,0.42857142857142855,0,1,0,0,0,0,0,0,0,0
0.186,1,0.5294117647058824,1,0,0,0,0,0,0,0,0,0
0.6,2,0.0625,1,0,0,0,0,0,0,0,0,0
0.35,1,0.0,1,0,0,0,0,0,0,0,0,0
0.817,6,0.08823529411764706,1,0,0,0,0,0,0,0,0,0
0.875,1,0.3684210526315789,1,2,1,1,1,0,0,0,0,0
0.378,1,0.5428571428571428,0,0,0,0,0,0,0,1,0,1
0.393,0,0.09523809523809523,1,0,0,0,0,0,0,0,0,0
0.955,1,0.4,1,2,1,1,1,0,0,0,0,0
0.724,1,0.39473684210526316,1,0,0,0,0,0,0,0,0,0
0.966,1,0.35714285714285715,1,1,1,1,0,0,0,0,0,0
0.5,3,0.0,1,0,0,0,0,0,0,1,0,0
0.63,0,0.21428571428571427,1,1,1,1,0,0,0,0,0,0
0.0,3,0.0,1,0,0,0,0,0,0,0,0,0
0.297,1,0.5333333333333333,0,2,0,0,1,1,0,1,0,0
0.933,3,0.0,1,0,0,0,0,0,0,1,0,1
0.455,2,0.3793103448275862,1,2,1,1,1,0,0,0,0,1
0.306,2,0.2,1,0,0,0,0,0,0,0,0,0
0.056,1,0.19230769230769232,0,0,0,0,0,0,0,1,0,0
0.971,1,0.1111111111111111,1,0,0,0,0,0,0,0,0,0
0.846,1,0.06666666666666667,1,0,0,0,0,0,0,0,0,0
0.083,0,0.2857142857142857,1,0,0,0,0,0,0,1,0,0
0.723,0,0.4444444444444444,0,1,1,1,0,0,0,0,0,0
0.0,2,0.0,1,0,0,0,0,0,0,0,0,0
0.738,0,0.42857142857142855,1,0,0,0,0,0,0,0,0,0
0.062,3,0.0,1,0,0,0,0,0,0,0,0,0
0.696,1,0.0,1,0,0,0,0,0,0,0,0,0
0.48,2,0.0,1,0,0,0,0,0,0,0,0,0
0.471,0,0.6,0,1,1,1,0,0,0,0,0,0
0.423,0,0.4827586206896552,1,0,0,0,0,0,0,0,0,0
0.794,0,0.125,1,0,0,0,0,0,0,0,0,0
0.172,2,0.1282051282051282,0,0,0,0,0,0,0,1,0,0
0.0,2,0.0,1,0,0,0,0,0,0,0,0,0
0.5,2,0.11428571428571428,0,0,0,0,0,0,0,1,0,1
0.434,0,0.7391304347826086,0,1,0,0,0,1,0,1,0,0
0.0,4,0.0,1,0,0,0,0,0,0,1,0,0
0.706,1,0.20833333333333334,1,1,1,1,0,0,0,1,0,0
0.556,2,0.14285714285714285,1,1,1,1,0,0,0,0,0,0
0.842,0,1.0,0,0,0,0,0,0,0,0,0,0
0.25,1,0.5384615384615384,1,0,0,0,0,0,0,0,0,0
0.829,2,0.0,1,0,0,0,0,0,0,0,0,0
0.041,1,0.0,1,0,0,0,0,0,0,1,0,0
0.905,0,0.8,0,0,0,0,0,0,0,0,0,0
0.444,3,0.22580645161290322,1,0,0,0,0,0,0,0,0,0
0.226,0,1.0,0,0,0,0,0,0,0,0,0,0
0.081,2,0.0,1,0,0,0,0,0,0,1,0,0
0.523,1,0.0,1,0,0,0,0,0,0,0,1,0
0.56,1,0.0,1,0,0,0,0,0,0,0,0,0
0.16,2,0.0,1,0,0,0,0,0,0,1,0,0
0.531,6,0.0,0,0,0,0,0,0,0,1,0,1
0.441,1,0.3793103448275862,1,2,1,1,1,0,0,0,0,1
0.507,4,0.03225806451612903,1,0,0,0,0,0,0,1,0,1
0.476,0,0.2222222222222222,1,0,0,0,0,0,0,1,0,1
0.195,2,0.15384615384615385,1,0,0,0,0,0,0,0,0,1
0.227,1,0.0,1,0,0,0,0,0,0,0,0,0
0.267,4,0.21875,1,0,0,0,0,0,0,0,0,0
0.062,3,0.14285714285714285,1,0,0,0,0,0,0,1,0,0
0.412,3,0.0,1,0,0,0,0,0,0,0,1,0
0.593,2,0.0,1,0,0,0,0,0,0,1,0,0
0.48,6,0.21621621621621623,0,1,0,0,0,0,0,1,0,1
0.673,1,0.6,0,2,0,0,1,0,0,0,0,0
0.606,0,0.43333333333333335,1,2,1,1,1,0,0,0,0,1
1.0,3,0.0,1,0,0,0,0,0,0,1,0,0
0.129,3,0.0,1,0,0,0,0,0,0,0,0,0
0.237,1,0.5384615384615384,1,0,0,0,0,0,0,0,0,0
0.298,1,0.2,0,0,0,0,0,0,0,0,0,0
0.206,2,0.0,1,0,0,0,0,0,0,0,0,0
0.371,2,0.4444444444444444,1,0,0,0,0,0,0,0,0,0
0.662,3,0.0,1,0,0,0,0,0,0,1,0,0
0.02,4,0.034482758620689655,0,0,0,0,0,0,0,0,0,0
0.361,4,0.06896551724137931,0,0,0,0,0,0,0,1,0,0
0.045,3,0.07407407407407407,1,0,0,0,0,0,0,1,0,0
0.879,5,0.0,1,0,0,0,0,0,0,1,0,0
0.516,2,0.3333333333333333,1,2,1,1,1,0,0,0,0,1
0.414,0,0.7272727272727273,0,2,1,1,1,0,0,0,0,0
0.4,0,0.42105263157894735,1,0,0,0,0,0,0,0,0,0
0.206,2,0.21428571428571427,1,0,0,0,0,0,0,0,0,0
0.871,7,0.0,1,0,0,0,0,0,0,0,0,0
0.044,1,0.3125,0,0,0,0,0,0,0,1,0,0
0.288,1,0.0,1,0,0,0,0,0,0,0,0,0
0.156,1,0.5882352941176471,1,0,0,0,0,0,0,0,0,0
0.812,0,0.75,0,1,1,1,0,0,0,0,0,0
0.393,2,0.46875,1,1,1,1,0,0,0,1,0,1
0.406,1,0.6666666666666666,0,2,1,1,1,1,0,1,0,0
0.545,2,0.72,0,1,0,0,0,1,0,1,0,0
0.379,4,0.19444444444444445,0,1,0,0,0,0,0,0,0,1
1.0,0,0.7,0,0,0,0,0,0,0,0,0,0
0.5,2,0.0,1,0,0,0,0,0,0,0,0,1
0.667,1,0.3333333333333333,1,0,0,0,0,0,0,0,0,0
0.63,0,0.6666666666666666,0,2,1,1,1,0,0,0,0,0
0.567,4,0.10714285714285714,1,0,0,0,0,0,0,1,0,0
0.79,5,0.0,1,0,0,0,0,0,0,0,0,0
0.5,1,0.11538461538461539,1,0,0,0,0,0,0,1,0,1
0.68,2,0.4375,0,2,0,0,1,1,0,1,0,0
0.556,1,0.6666666666666666,0,1,0,0,0,0,0,0,0,0
0.792,2,0.0,1,0,0,0,0,0,0,0,0,0
0.429,0,0.5,1,0,0,0,0,0,0,1,0,0
0.25,5,0.0,1,0,0,0,0,0,0,0,0,0
0.515,1,0.23076923076923078,1,1,1,1,0,0,0,0,0,0
0.694,0,0.43478260869565216,0,0,0,0,0,0,0,0,0,0
0.484,1,0.6363636363636364,0,2,0,0,1,0,0,0,0,0
0.32,1,0.5384615384615384,1,0,0,0,0,0,0,0,0,0
0.806,5,0.0,1,0,0,0,0,0,0,1,0,0
0.966,3,0.029411764705882353,1,0,0,0,0,0,0,1,0,0
0.0,2,0.2222222222222222,1,0,0,0,0,0,0,0,0,0
0.969,1,0.0,1,0,0,0,0,0,0,0,0,0
0.4,0,0.75,0,2,1,1,1,1,0,0,0,0
0.281,3,0.11764705882352941,1,0,0,0,0,0,0,0,0,0
0.875,8,0.0,1,0,0,0,0,0,0,0,0,0
0.733,2,0.38461538461538464,1,0,0,0,0,0,0,0,0,0
0.393,3,0.35714285714285715,0,0,0,0,0,0,0,1,0,1
0.69,1,0.4117647058823529,1,2,1,1,1,0,0,0,0,0
0.435,4,0.1891891891891892,0,1,0,0,0,0,0,0,0,1
0.238,1,0.625,0,0,0,0,0,0,0,0,0,0
0.054,4,0.034482758620689655,0,0,0,0,0,0,0,0,0,0
0.025,3,0.0,1,0,0,0,0,0,0,1,0,0
0.387,1,0.3333333333333333,1,0,0,0,0,0,0,0,0,0
0.214,0,0.65625,1,0,0,0,0,0,0,1,0,0
0.779,1,0.0,1,0,0,0,0,0,0,0,0,0
0.375,1,0.4642857142857143,1,0,0,0,0,0,0,0,0,0
0.19,1,0.22727272727272727,0,0,0,0,0,0,0,1,0,0
0.174,0,0.17857142857142858,0,0,0,0,0,0,0,1,0,0
0.678,2,0.125,1,1,1,1,0,0,0,0,0,0
0.125,1,0.0,1,0,0,0,0,0,0,0,0,0
0.448,0,0.7272727272727273,0,2,1,1,1,0,0,0,0,0
0.2,2,0.2777777777777778,0,0,0,0,0,0,0,0,0,0
0.353,1,0.42857142857142855,0,1,0,0,0,0,0,0,0,0
0.882,5,0.0,1,0,0,0,0,0,0,0,0,0
0.207,0,0.7391304347826086,0,1,0,0,0,1,0,1,0,0
0.588,4,0.24324324324324326,0,1,0,0,0,0,0,0,0,1
0.861,0,0.7272727272727273,0,2,1,1,1,0,0,0,0,0
0.244,0,0.75,0,0,0,0,0,0,0,0,0,0
0.969,4,0.0,1,0,0,0,0,0,0,1,0,0
0.141,4,0.0,1,0,0,0,0,0,0,0,0,0
0.833,2,0.0,1,0,0,0,0,0,0,1,0,0
0.115,5,0.02631578947368421,1,0,0,0,0,0,0,0,0,0
0.034,1,0.3157894736842105,0,0,0,0,0,0,0,1,0,0
0.269,1,0.2631578947368421,0,0,0,0,0,0,0,0,0,0
0.88,1,0.5,0,2,1,1,1,0,0,0,0,0
0.417,2,0.0,1,0,0,0,0,0,0,0,1,0
0.0,3,0.045454545454545456,1,0,0,0,0,0,0,0,0,0
0.567,3,0.3157894736842105,0,1,0,0,0,0,0,0,0,0
0.577,3,0.0,1,0,0,0,0,0,0,0,1,0
0.031,4,0.05,0,0,0,0,0,0,0,0,0,0
0.39,0,0.7272727272727273,0,1,0,0,0,1,0,1,0,0
0.128,2,0.29411764705882354,0,0,0,0,0,0,0,0,0,0
0.433,2,0.2222222222222222,1,0,0,0,0,0,0,1,0,1
0.6,2,0.11428571428571428,1,0,0,0,0,0,0,1,0,0
0.448,1,0.23076923076923078,1,1,1,1,0,0,0,0,0,0
0.059,2,0.14814814814814814,1,0,0,0,0,0,0,1,0,0
0.323,1,0.43243243243243246,1,0,0,0,0,0,0,0,0,0
0.0,4,0.14634146341463414,1,0,0,0,0,0,0,1,0,0
0.593,2,0.21428571428571427,1,1,1,1,0,0,0,0,0,0
0.138,1,0.23809523809523808,0,0,0,0,0,0,0,1,0,0
0.588,0,0.35714285714285715,1,2,1,1,1,0,0,0,0,1
0.305,2,0.0,1,0,0,0,0,0,0,1,0,1
0.15,2,0.0,1,0,0,0,0,0,0,1,0,0
0.263,0,0.55,1,0,0,0,0,0,0,1,0,0
0.348,2,0.1,1,0,0,0,0,0,0,1,0,1
0.5,2,0.0625,1,0,0,0,0,0,0,1,0,1
0.609,0,0.09090909090909091,1,0,0,0,0,0,0,0,0,0
0.441,1,0.75,0,1,0,0,0,0,0,0,0,0
0.633,2,0.3125,0,1,1,1,0,0,0,1,0,0
0.814,0,0.75,0,0,0,0,0,0,0,0,0,0
0.455,1,0.15384615384615385,0,0,0,0,0,0,0,1,0,1
0.568,1,0.40625,1,2,1,1,1,0,0,0,0,1
0.485,0,0.0,1,0,0,0,0,0,0,0,0,0
0.379,4,0.12903225806451613,1,0,0,0,0,0,0,0,0,0
0.5,1,0.6451612903225806,1,0,0,0,0,0,0,1,0,0
0.48,2,0.0625,1,0,0,0,0,0,0,0,0,0
0.542,2,0.4444444444444444,0,3,0,0,1,0,0,0,0,1
0.2,0,0.5294117647058824,1,0,0,0,0,0,0,0,0,0
0.885,4,0.0,1,0,0,0,0,0,0,0,0,0
0.0,4,0.0,1,0,0,0,0,0,0,0,0,0
0.931,0,0.5862068965517241,0,0,0,0,0,0,0,0,0,0
0.785,0,0.0,1,0,0,0,0,0,0,1,0,0
0.222,2,0.5714285714285714,1,0,0,0,0,0,0,1,0,0
0.419,0,0.5,1,0,0,0,0,0,0,0,0,0
0.489,1,0.3888888888888889,1,2,0,0,1,0,0,0,0,0
0.265,0,0.5714285714285714,0,1,0,0,0,0,0,0,0,0
0.091,1,0.3235294117647059,1,0,0,0,0,0,0,0,0,0
0.03,0,0.6363636363636364,0,0,0,0,0,0,0,0,0,0
0.188,0,0.0,0,0,0,0,0,0,0,1,0,0
0.4,2,0.4827586206896552,1,0,0,0,0,0,0,0,0,0
0.107,2,0.19230769230769232,1,0,0,0,0,0,0,0,0,0
0.061,0,0.5555555555555556,0,0,0,0,0,0,0,0,0,0
0.0,3,0.15,1,0,0,0,0,0,0,1,0,0
0.12,0,0.20833333333333334,0,0,0,0,0,0,0,1,0,0
0.5,2,0.5,0,2,0,0,1,1,0,1,0,0
0.697,1,0.47058823529411764,1,0,0,0,0,0,0,0,0,0
0.382,1,0.5,1,0,0,0,0,0,0,0,0,0
0.424,0,0.6428571428571429,0,3,1,1,1,0,0,0,0,0
0.0,3,0.0,1,0,0,0,0,0,0,1,0,0
0.0,4,0.14634146341463414,1,0,0,0,0,0,0,1,0,0
0.882,5,0.0,1,0,0,0,0,0,0,1,0,0
0.103,2,0.1111111111111111,0,0,0,0,0,0,0,0,0,0
0.217,1,0.1111111111111111,1,0,0,0,0,0,0,1,0,0
0.75,0,1.0,0,0,0,0,0,0,0,0,0,0
0.045,0,0.8181818181818182,1,0,0,0,0,0,0,0,0,0
0.531,0,0.47368421052631576,1,2,1,1,1,0,0,0,0,0
1.0,1,0.0,1,0,0,0,0,0,0,0,0,0
0.097,0,0.22727272727272727,0,0,0,0,0,0,0,1,0,0
0.28,3,0.0,1,0,0,0,0,0,0,1,0,1
0.0,2,0.0,1,0,0,0,0,0,0,0,0,0
0.754,5,0.0,1,0,0,0,0,0,0,0,0,0
0.0,2,0.2222222222222222,1,0,0,0,0,0,0,0,0,0
0.492,2,0.0,1,0,0,0,0,0,0,0,0,0
0.083,1,0.46153846153846156,1,0,0,0,0,0,0,1,0,0
0.357,2,0.3793103448275862,1,0,0,0,0,0,0,1,0,1
0.635,0,0.375,1,1,0,0,0,0,0,0,0,0
0.781,6,0.0,1,0,0,0,0,0,0,1,0,0
0.464,3,0.11538461538461539,0,0,0,0,0,0,0,1,0,1
0.091,0,0.20833333333333334,0,0,0,0,0,0,0,1,0,0
0.303,2,0.2,1,0,0,0,0,0,0,0,0,0
0.923,0,0.0,1,0,0,0,0,0,0,0,0,0
0.242,5,0.0,1,0,0,0,0,0,0,0,0,0
0.023,0,0.6,0,0,0,0,0,0,0,0,0,0
1.0,3,0.0,1,0,0,0,0,0,0,1,0,0
0.475,4,0.0,1,0,0,0,0,0,0,1,0,1
0.172,0,0.75,0,0,0,0,0,0,0,0,0,0
0.154,2,0.0,1,0,0,0,0,0,0,1,0,0
0.923,6,0.0,1,0,0,0,0,0,0,0,0,0
0.324,2,0.18518518518518517,0,0,0,0,0,0,0,1,0,0
0.077,0,0.6,0,0,0,0,0,0,0,0,0,0
0.419,0,0.631578947368421,1,0,0,0,0,0,0,0,0,0
0.206,0,0.5405405405405406,1,0,0,0,0,0,0,1,0,0
0.708,1,0.1111111111111111,1,0,0,0,0,0,0,0,0,0
0.667,1,0.6129032258064516,1,0,0,0,0,0,0,0,0,0
0.333,1,0.5384615384615384,1,0,0,0,0,0,0,0,0,0
0.606,0,0.37037037037037035,1,2,1,1,1,0,0,0,0,1
0.407,3,0.0,1,0,0,0,0,0,0,0,0,0
0.305,2,0.1,1,0,0,0,0,0,0,0,0,0
0.692,1,0.0,1,0,0,0,0,0,0,1,0,0
0.091,1,0.23809523809523808,0,0,0,0,0,0,0,1,0,0
0.37,3,0.40625,1,0,0,0,0,0,0,1,0,1
0.559,2,0.4375,0,2,0,0,1,1,0,1,0,0
0.286,0,1.0,0,0,0,0,0,0,0,0,0,0
0.16,3,0.2564102564102564,1,0,0,0,0,0,0,1,0,0
0.19,5,0.0,1,0,0,0,0,0,0,1,0,0
0.094,2,0.0,1,0,0,0,0,0,0,0,0,0
0.172,0,0.9090909090909091,0,0,0,0,0,0,0,0,0,0
0.143,4,0.14814814814814814,0,0,0,0,0,0,0,0,0,0
0.324,1,0.3181818181818182,1,2,1,1,1,0,0,0,0,0
0.281,1,0.08333333333333333,1,0,0,0,0,0,0,1,0,0
0.238,1,0.0,1,0,0,0,0,0,0,0,0,0
0.644,4,0.14814814814814814,1,0,0,0,0,0,0,1,0,1
0.148,1,0.6666666666666666,1,0,0,0,0,0,0,0,0,0
0.055,3,0.0,1,0,0,0,0,0,0,0,0,0
0.639,0,0.6,0,1,1,1,0,0,0,0,0,0
0.0,4,0.0,1,0,0,0,0,0,0,1,0,0
0.325,0,0.4444444444444444,1,0,0,0,0,0,0,0,0,0
0.015,4,0.21428571428571427,1,0,0,0,0,0,0,0,0,0
0.854,6,0.03125,1,0,0,0,0,0,0,1,0,0
0.273,2,0.08,1,0,0,0,0,0,0,1,0,1
0.265,3,0.11764705882352941,1,0,0,0,0,0,0,0,0,0
0.389,2,0.4642857142857143,1,0,0,0,0,0,0,0,0,0
0.2,0,0.8,0,0,0,0,0,0,0,0,0,0
0.0,7,0.0,1,0,0,0,0,0,0,0,0,0
0.049,4,0.0,1,0,0,0,0,0,0,1,0,0
0.125,3,0.030303030303030304,1,0,0,0,0,0,0,0,0,0
0.067,1,0.25,0,0,0,0,0,0,0,0,0,0
0.133,1,0.25,1,0,0,0,0,0,0,0,0,0
0.457,0,0.6,0,2,0,0,1,0,0,0,0,0
0.141,1,0.30434782608695654,1,0,0,0,0,0,0,0,0,0
0.889,5,0.0,1,0,0,0,0,0,0,0,0,0
0.324,0,0.24,0,0,0,0,0,0,0,1,0,1
0.727,2,0.3333333333333333,1,1,0,0,0,0,0,0,0,0
0.571,0,0.47368421052631576,1,2,1,1,1,0,0,0,0,0
0.417,5,0.0,1,0,0,0,0,0,0,1,0,0
0.529,2,0.16666666666666666,1,1,1,1,0,0,0,1,0,1
0.361,1,0.3333333333333333,1,0,0,0,0,0,0,0,0,0
0.2,2,0.16666666666666666,0,0,0,0,0,0,0,1,0,0
0.16,3,0.37037037037037035,1,0,0,0,0,0,0,1,0,0
0.281,1,0.0,1,0,0,0,0,0,0,0,0,0
0.474,2,0.5,0,2,0,0,1,1,0,1,0,0
0.296,1,0.5384615384615384,1,0,0,0,0,0,0,0,0,0
0.353,3,0.0,1,0,0,0,0,0,0,0,0,0
0.357,1,0.6,1,0,0,0,0,0,0,0,0,1
0.545,2,0.4375,0,2,0,0,1,1,0,1,0,0
0.75,0,0.5714285714285714,0,1,0,0,0,0,0,0,0,0
0.364,0,0.36363636363636365,1,0,0,0,0,0,0,0,0,0
0.032,3,0.15384615384615385,1,0,0,0,0,0,0,0,0,0
0.467,1,0.23076923076923078,1,1,1,1,0,0,0,0,0,0
0.727,0,0.8333333333333334,0,1,1,1,0,0,0,0,0,0
0.241,3,0.0,1,0,0,0,0,0,0,0,0,0
0.152,2,0.0,1,0,0,0,0,0,0,0,0,0
0.344,3,0.2222222222222222,0,1,1,1,0,0,0,1,0,0
0.069,2,0.3125,0,0,0,0,0,0,0,0,0,0
0.481,1,0.6666666666666666,0,2,1,1,1,1,0,1,0,0
0.04,0,0.6,0,0,0,0,0,0,0,0,0,0
0.826,0,0.631578947368421,0,0,0,0,0,0,0,0,0,0
0.171,1,0.0,1,0,0,0,0,0,0,0,0,0
0.958,1,0.2857142857142857,1,1,1,1,0,0,0,0,0,0
0.241,2,0.0,1,0,0,0,0,0,0,0,0,0
0.125,1,0.22727272727272727,0,0,0,0,0,0,0,1,0,0
0.863,5,0.0,1,0,0,0,0,0,0,0,0,0
0.167,2,0.0,1,0,0,0,0,0,0,0,0,0
0.172,1,0.2631578947368421,0,0,0,0,0,0,0,0,0,0
0.5,2,0.46875,0,2,0,0,1,0,0,0,0,1
0.729,1,0.5555555555555556,1,1,1,1,0,0,0,0,0,0
0.088,1,0.3235294117647059,1,0,0,0,0,0,0,0,0,0
0.895,0,0.5294117647058824,0,1,0,0,0,0,0,0,0,0
0.029,0,0.7142857142857143,0,0,0,0,0,0,0,0,0,0
0.64,2,0.0,1,0,0,0,0,0,0,0,0,0
0.13,0,0.75,0,0,0,0,0,0,0,0,0,0
0.13,1,0.22727272727272727,0,0,0,0,0,0,0,1,0,0
0.381,3,0.10714285714285714,1,0,0,0,0,0,0,1,0,1
0.458,2,0.47058823529411764,0,2,0,0,1,1,0,1,0,0
0.781,6,0.11764705882352941,1,0,0,0,0,0,0,0,0,0
0.03,3,0.15384615384615385,1,0,0,0,0,0,0,0,0,0
0.833,2,0.0,1,0,0,0,0,0,0,1,0,0
0.48,2,0.0,1,0,0,0,0,0,0,0,0,0
0.178,2,0.4642857142857143,1,0,0,0,0,0,0,0,0,0
0.43,2,0.15384615384615385,1,1,1,1,0,0,0,1,0,1
0.31,2,0.2608695652173913,1,1,1,1,0,0,0,0,0,1
0.526,2,0.3333333333333333,0,1,1,1,0,0,0,1,0,0
0.519,1,0.23076923076923078,1,1,1,1,0,0,0,0,0,0
0.481,1,0.625,0,3,0,0,1,0,0,0,0,0
0.133,2,0.16129032258064516,1,0,0,0,0,0,0,1,0,0
0.529,2,0.0,1,0,0,0,0,0,0,1,0,1
0.588,0,0.43333333333333335,1,2,1,1,1,0,0,0,0,1
0.059,0,0.0,1,0,0,0,0,0,0,0,0,0
0.185,1,0.625,0,0,0,0,0,0,0,0,0,0
0.267,4,0.21875,1,0,0,0,0,0,0,0,0,0
0.647,3,0.3888888888888889,0,0,0,0,0,0,0,0,0,0
0.678,0,0.8,0,1,1,1,0,0,0,0,0,0
0.571,0,0.75,0,1,1,1,0,0,0,0,0,0
0.629,2,0.4375,0,2,0,0,1,1,0,1,0,0
0.417,0,0.5833333333333334,1,0,0,0,0,0,0,0,0,0
0.323,2,0.5217391304347826,1,0,0,0,0,0,0,0,0,1
0.426,1,0.26666666666666666,1,1,1,1,0,0,0,1,0,1
0.95,0,0.0,0,0,0,0,0,0,0,1,0,0
0.324,0,0.0,0,0,0,0,0,0,0,0,0,0
0.098,2,0.0,1,0,0,0,0,0,0,1,0,0
0.1,4,0.0,1,0,0,0,0,0,0,0,0,0
0.467,2,0.4,0,3,0,0,1,0,0,0,0,1
0.303,2,0.4857142857142857,0,0,0,0,0,0,0,0,0,0
0.135,1,0.23809523809523808,0,0,0,0,0,0,0,1,0,0
0.131,0,0.5,0,0,0,0,0,0,0,0,0,0
0.51,1,0.42105263157894735,0,2,0,0,1,0,0,0,0,0
0.419,1,0.5,1,1,0,0,0,0,0,1,0,0
0.75,1,0.0,1,0,0,0,0,0,0,0,0,0
0.367,2,0.3157894736842105,1,0,0,0,0,0,0,1,0,1
0.222,2,0.18181818181818182,1,0,0,0,0,0,0,0,0,1
0.034,0,0.6363636363636364,0,0,0,0,0,0,0,0,0,0
0.643,0,0.7878787878787878,0,0,0,0,0,0,0,0,0,0
0.441,3,0.08695652173913043,1,0,0,0,0,0,0,1,0,1
0.143,1,0.0,1,0,0,0,0,0,0,0,0,1
0.034,4,0.15384615384615385,1,0,0,0,0,0,0,1,0,0
0.778,0,0.75,0,0,0,0,0,0,0,0,0,0
0.786,2,0.35294117647058826,1,1,1,1,0,0,0,0,0,0
0.885,1,0.4444444444444444,1,2,1,1,1,0,0,0,0,0
0.118,3,0.1111111111111111,1,0,0,0,0,0,0,0,0,0
0.367,2,0.2857142857142857,1,1,0,0,0,0,0,0,0,0
0.545,1,0.3,1,0,0,0,0,0,0,0,0,0
0.211,4,0.0,1,0,0,0,0,0,0,0,0,0
0.659,1,0.75,0,1,0,0,0,0,0,0,0,0
0.167,2,0.6222222222222222,1,0,0,0,0,0,0,1,0,0
0.077,0,0.7777777777777778,0,0,0,0,0,0,0,0,0,0
0.242,5,0.0,1,0,0,0,0,0,0,0,0,0
0.045,0,0.4,1,0,0,0,0,0,0,1,0,0
0.487,1,0.0,1,0,0,0,0,0,0,1,0,1
0.423,1,0.7586206896551724,0,2,0,0,1,0,0,0,0,0
0.841,0,0.7272727272727273,0,2,1,1,1,0,0,0,0,0
0.7,1,0.4444444444444444,1,2,1,1,1,0,0,0,0,0
0.215,3,0.09523809523809523,0,0,0,0,0,0,0,0,0,0
0.127,2,0.19230769230769232,1,0,0,0,0,0,0,0,0,0
0.25,0,0.2857142857142857,1,2,0,0,1,0,0,0,0,0
0.05,0,0.6923076923076923,0,0,0,0,0,0,0,0,0,0
0.0,4,0.0,1,0,0,0,0,0,0,0,0,0
0.5,1,0.0,1,0,0,0,0,0,0,0,1,0
0.529,0,0.09090909090909091,1,0,0,0,0,0,0,0,0,0
0.415,1,0.52,1,2,0,0,1,0,0,1,0,1
0.171,1,0.25,1,0,0,0,0,0,0,0,0,0
0.875,0,0.6,0,0,0,0,0,0,0,0,0,0
0.95,3,0.0,1,0,0,0,0,0,0,1,0,0
0.294,0,0.0,1,0,0,0,0,0,0,0,0,0
0.471,0,0.8,0,0,0,0,0,0,0,0,0,0
0.966,1,0.0,1,0,0,0,0,0,0,0,0,0
0.12,3,0.0,1,0,0,0,0,0,0,0,0,0
0.81,0,0.6578947368421053,0,0,0,0,0,0,0,0,0,0
0.838,0,1.0,0,0,0,0,0,0,0,0,0,0
0.375,1,0.5,1,1,1,1,0,0,0,0,0,0
0.13,2,0.0,1,0,0,0,0,0,0,0,0,0
0.844,1,0.0,1,0,0,0,0,0,0,0,0,0
0.086,2,0.0,1,0,0,0,0,0,0,1,0,0
0.455,1,0.375,1,2,1,1,1,0,0,0,0,1
0.521,0,0.45454545454545453,1,0,0,0,0,0,0,0,0,0
0.37,0,0.5384615384615384,1,0,0,0,0,0,0,0,0,0
0.077,3,0.047619047619047616,1,0,0,0,0,0,0,0,0,0
0.515,3,0.37037037037037035,1,2,1,1,1,0,0,0,0,1
0.394,0,0.631578947368421,1,0,0,0,0,0,0,0,0,0
0.871,5,0.0,1,0,0,0,0,0,0,1,0,0
0.609,1,0.42857142857142855,1,0,0,0,0,0,0,0,0,0
0.603,0,0.8,0,1,1,1,0,0,0,0,0,0
0.781,4,0.0,1,0,0,0,0,0,0,0,0,0
0.63,0,0.09090909090909091,0,0,0,0,0,0,0,0,0,0
0.323,2,0.2,1,0,0,0,0,0,0,0,0,0
0.086,4,0.1891891891891892,1,0,0,0,0,0,0,1,0,0
0.222,2,0.2857142857142857,1,0,0,0,0,0,0,0,0,0
0.206,1,0.5,1,0,0,0,0,0,0,0,0,0
0.421,2,0.3125,1,0,0,0,0,0,0,0,0,1
0.062,2,0.14814814814814814,1,0,0,0,0,0,0,1,0,0
0.405,0,0.2222222222222222,0,1,1,1,0,0,0,1,0,1
0.636,0,0.0,1,0,0,0,0,0,0,1,0,0
0.562,0,0.0,1,0,0,0,0,0,0,0,0,0
0.038,0,0.75,0,0,0,0,0,0,0,0,0,0
0.49,2,0.0,1,0,0,0,0,0,0,0,0,1
0.917,1,0.5,1,2,1,1,1,0,0,0,0,0
0.324,1,0.0,1,0,0,0,0,0,0,0,0,0
0.812,0,0.5,1,0,0,0,0,0,0,0,0,0
0.115,3,0.030303030303030304,1,0,0,0,0,0,0,0,0,0
0.803,0,0.8333333333333334,0,1,1,1,0,0,0,0,0,0
0.881,0,0.0,1,0,0,0,0,0,0,0,0,0
0.947,0,0.6363636363636364,1,0,0,0,0,0,0,0,0,0
0.417,0,0.7692307692307693,0,2,0,0,1,0,0,0,0,0
0.946,0,0.7,0,2,1,1,1,0,0,0,0,0
0.088,0,0.75,0,0,0,0,0,0,0,1,0,0
0.433,0,0.8,0,1,1,1,0,0,0,0,0,0
0.959,1,0.5882352941176471,1,2,1,1,1,0,0,0,0,0
0.317,2,0.44,1,0,0,0,0,0,0,0,0,1
0.484,1,0.3793103448275862,1,2,1,1,1,0,0,0,0,1
0.312,2,0.2,1,0,0,0,0,0,0,0,0,0
0.214,3,0.15,1,1,1,1,0,0,0,0,0,0
0.571,0,0.2903225806451613,1,1,1,1,0,0,0,0,0,1
0.727,2,0.09090909090909091,1,0,0,0,0,0,0,0,0,0
0.508,0,0.0,0,0,0,0,0,0,0,0,0,0
0.054,3,0.2727272727272727,1,0,0,0,0,0,0,0,0,0
0.654,2,0.1111111111111111,0,0,0,0,0,0,0,0,0,1
0.429,1,0.47368421052631576,0,2,0,0,1,0,0,0,0,0
0.034,0,0.2727272727272727,1,0,0,0,0,0,0,1,0,0
0.257,1,0.08695652173913043,1,0,0,0,0,0,0,1,0,0
0.029,0,0.7142857142857143,0,0,0,0,0,0,0,0,0,0
0.071,0,0.6,0,0,0,0,0,0,0,0,0,0
0.25,1,0.5,0,1,0,0,0,0,0,0,0,0
0.565,2,0.5,0,2,0,0,1,1,0,1,0,0
0.457,4,0.02631578947368421,1,0,0,0,0,0,0,1,0,1
0.0,6,0.0,1,0,0,0,0,0,0,1,0,0
0.07,2,0.0,1,0,0,0,0,0,0,1,0,0
0.067,2,0.17391304347826086,1,0,0,0,0,0,0,0,0,0
0.333,2,0.18518518518518517,0,0,0,0,0,0,0,1,0,0
0.0,4,0.0,1,0,0,0,0,0,0,0,0,1
0.407,1,0.0,1,0,0,0,0,0,0,0,0,0
0.148,1,0.25,0,0,0,0,0,0,0,0,0,0
0.593,2,0.0,1,0,0,0,0,0,0,0,0,0
0.559,0,0.75,0,0,0,0,0,0,0,0,0,0
0.074,3,0.08695652173913043,0,0,0,0,0,0,0,1,0,0
0.59,3,0.06896551724137931,1,0,0,0,0,0,0,1,0,1
0.561,0,1.0,0,0,0,0,0,0,0,0,0,0
0.552,1,0.15384615384615385,1,0,0,0,0,0,0,1,0,1
0.095,0,0.8181818181818182,0,0,0,0,0,0,0,0,0,0
0.806,1,0.3333333333333333,1,1,1,1,0,0,0,0,0,0
0.0,0,0.8333333333333334,1,0,0,0,0,0,0,0,0,0
0.015,0,0.3333333333333333,1,0,0,0,0,0,0,0,0,0
0.25,5,0.0,1,0,0,0,0,0,0,0,0,0
0.324,3,0.40625,1,0,0,0,0,0,0,1,0,1
0.172,2,0.2777777777777778,0,0,0,0,0,0,0,0,0,0
0.333,2,0.2857142857142857,0,1,0,0,0,0,0,0,0,1
0.667,2,0.4375,0,2,0,0,1,1,0,1,0,0
0.241,1,0.4375,1,0,0,0,0,0,0,0,0,0
0.745,1,0.0,1,0,0,0,0,0,0,1,0,0
0.295,3,0.0,1,0,0,0,0,0,0,0,0,0
0.955,0,0.5,1,2,1,1,1,0,0,0,0,0
0.773,4,0.0,1,0,0,0,0,0,0,0,0,0
0.781,1,0.0,1,0,0,0,0,0,0,0,0,0
0.378,2,0.06666666666666667,1,0,0,0,0,0,0,0,0,1
0.556,1,0.4117647058823529,1,2,1,1,1,0,0,0,0,0
1.0,1,0.0,1,0,0,0,0,0,0,0,0,0
0.133,0,0.5789473684210527,1,0,0,0,0,0,0,0,0,0
0.087,3,0.16216216216216217,1,0,0,0,0,0,0,1,0,0
0.571,1,0.3793103448275862,0,2,0,0,1,0,0,0,0,1
0.529,0,0.8,0,1,1,1,0,0,0,0,0,0
0.453,2,0.0,1,0,0,0,0,0,0,0,0,0
0.429,0,0.75,0,1,1,1,0,0,0,0,0,0
0.5,4,0.2222222222222222,1,1,0,0,0,0,0,0,0,1
0.656,0,0.5,1,1,1,1,0,0,0,0,0,0
0.357,0,1.0,0,0,0,0,0,0,0,0,0,0
0.425,1,0.2413793103448276,1,0,0,0,0,0,0,1,0,1
0.742,0,0.7142857142857143,0,0,0,0,0,0,0,0,0,0
0.807,1,0.2,0,0,0,0,0,0,0,0,0,0
0.686,0,1.0,0,0,0,0,0,0,0,0,0,0
0.281,0,0.0,1,0,0,0,0,0,0,1,0,0
0.286,2,0.13333333333333333,1,0,0,0,0,0,0,0,0,0
0.364,0,0.25,1,0,0,0,0,0,0,0,0,0
0.581,1,0.6666666666666666,0,2,1,1,1,1,0,1,0,0
0.194,1,0.5806451612903226,1,0,0,0,0,0,0,1,0,0
0.857,1,0.5454545454545454,1,1,1,1,0,0,0,0,0,0
0.833,0,0.6666666666666666,0,1,0,0,0,0,0,0,0,0
0.026,4,0.0,1,0,0,0,0,0,0,1,0,0
0.158,1,0.23809523809523808,0,0,0,0,0,0,0,1,0,0
0.528,2,0.26666666666666666,1,1,0,0,0,0,0,1,0,0
0.933,2,0.10714285714285714,1,0,0,0,0,0,0,0,0,0
0.278,3,0.2,1,0,0,0,0,0,0,0,0,0
0.483,3,0.0,1,0,0,0,0,0,0,0,0,1
0.0,4,0.0,1,0,0,0,0,0,0,1,0,0
0.393,2,0.0,1,0,0,0,0,0,0,0,1,0
0.115,1,0.0,1,0,0,0,0,0,0,0,0,1
0.087,2,0.0,1,0,0,0,0,0,0,0,0,0
0.032,0,0.5,0,0,0,0,0,0,0,0,0,0
0.542,2,0.4375,0,2,0,0,1,1,0,1,0,0
0.957,1,0.4444444444444444,1,2,1,1,1,0,0,0,0,0
0.708,1,0.0,1,0,0,0,0,0,0,0,0,1
0.462,0,0.6,1,0,0,0,0,0,0,0,0,0
0.964,2,0.3548387096774194,0,0,0,0,0,0,0,0,0,0
0.647,0,0.75,0,1,1,1,0,0,0,0,0,0
1.0,4,0.0,1,0,0,0,0,0,0,0,0,0
0.074,2,0.0967741935483871,1,0,0,0,0,0,0,1,0,0
0.452,1,0.4864864864864865,1,0,0,0,0,0,0,1,0,0
0.328,1,0.0,1,0,0,0,0,0,0,1,0,0
0.5,1,0.7407407407407407,0,2,1,1,1,1,0,1,0,0
0.765,3,0.0,1,0,0,0,0,0,0,1,0,0
0.222,1,0.0,1,0,0,0,0,0,0,0,0,0
0.382,3,0.0,1,0,0,0,0,0,0,1,0,1
0.459,0,0.0,1,0,0,0,0,0,0,0,0,0
0.455,1,0.7241379310344828,0,2,1,1,1,1,0,1,0,0
0.472,2,0.4375,0,2,0,0,1,1,0,1,0,0
0.338,1,0.5714285714285714,0,0,0,0,0,0,0,0,0,0
0.522,2,0.25,0,1,0,0,0,0,0,0,0,1
0.353,0,1.0,0,0,0,0,0,0,0,0,0,0
0.476,2,0.0,1,0,0,0,0,0,0,0,0,1
0.741,1,0.4444444444444444,1,2,1,1,1,0,0,0,0,0
0.414,2,0.0,1,0,0,0,0,0,0,0,0,0
0.088,1,0.3235294117647059,1,0,0,0,0,0,0,0,0,0
0.0,1,0.0,1,0,0,0,0,0,0,0,0,0
0.537,1,0.6666666666666666,0,2,1,1,1,1,0,1,0,0
0.024,1,0.0,1,0,0,0,0,0,0,0,0,1
0.31,2,0.4444444444444444,1,0,0,0,0,0,0,0,0,0
0.941,6,0.0,1,0,0,0,0,0,0,1,0,0
0.927,3,0.0,0,0,0,0,0,0,0,0,0,0
0.875,8,0.0,1,0,0,0,0,0,0,0,0,0
0.16,3,0.0,1,0,0,0,0,0,0,1,0,0
0.586,0,0.6666666666666666,0,1,1,1,0,0,0,0,0,0
1.0,0,0.0,1,0,0,0,0,0,0,0,0,0
0.394,2,0.375,0,0,0,0,0,0,0,0,0,1
0.441,2,0.6785714285714286,0,2,0,0,1,0,0,0,0,0
0.347,2,0.125,1,0,0,0,0,0,0,1,0,1
0.647,2,0.14814814814814814,1,1,1,1,0,0,0,1,0,0
0.667,1,0.3333333333333333,1,1,1,1,0,0,0,0,0,0
0.723,0,0.5,1,0,0,0,0,0,0,0,0,0
0.431,2,0.0,1,0,0,0,0,0,0,0,0,1
0.185,1,0.0,1,0,0,0,0,0,0,0,0,0
0.576,0,0.5384615384615384,1,0,0,0,0,0,0,0,0,0
1.0,0,0.0,0,0,0,0,0,0,0,1,0,0
0.074,2,0.5714285714285714,1,0,0,0,0,0,0,1,0,0
0.483,1,0.3076923076923077,1,1,1,1,0,0,0,0,0,0
0.0,3,0.0,1,0,0,0,0,0,0,0,0,0
0.22,1,0.0,1,0,0,0,0,0,0,1,0,0
0.242,1,0.5294117647058824,0,0,0,0,0,0,0,0,0,0
0.438,5,0.0,1,0,0,0,0,0,0,1,0,0
0.429,0,0.5833333333333334,0,0,0,0,0,0,0,0,0,0
0.88,0,0.0,0,0,0,0,0,0,0,0,0,0
0.0,3,0.0,1,0,0,0,0,0,0,0,0,0
0.333,1,0.5,0,0,0,0,0,0,0,0,0,0
0.085,3,0.14285714285714285,1,0,0,0,0,0,0,0,0,0
0.829,2,0.14285714285714285,1,0,0,0,0,0,0,0,0,0
0.298,3,0.0,1,0,0,0,0,0,0,0,0,0
1.0,0,0.4,1,2,1,1,1,0,0,0,0,0
0.379,0,0.5,1,0,0,0,0,0,0,0,0,0
0.414,0,0.75,1,0,0,0,0,0,0,0,0,0
0.125,2,0.0,1,0,0,0,0,0,0,0,0,0
0.655,1,0.2,1,1,1,1,0,0,0,0,0,0
0.6,1,0.0,1,0,0,0,0,0,0,0,0,0
0.397,0,0.5,1,1,1,1,0,0,0,0,0,0
0.375,0,0.5,1,3,0,0,1,0,0,0,0,1
0.653,1,0.4444444444444444,0,0,0,0,0,1,0,1,0,0
0.338,3,0.3235294117647059,1,0,0,0,0,0,0,1,0,1
0.467,3,0.12,0,0,0,0,0,0,0,0,0,1
0.192,0,0.6,1,0,0,0,0,0,0,0,0,0
0.838,1,0.0,1,0,0,0,0,0,0,0,0,0
0.676,0,0.75,0,1,1,1,0,0,0,0,0,0
0.526,3,0.30303030303030304,0,1,0,0,0,0,0,1,0,1
0.043,0,0.3157894736842105,0,0,0,0,0,0,0,1,0,0
0.0,4,0.08695652173913043,0,0,0,0,0,0,0,1,0,1
0.151,0,0.42857142857142855,1,0,0,0,0,0,0,0,0,0
0.889,7,0.0,1,0,0,0,0,0,0,1,0,0
0.161,2,0.3181818181818182,1,0,0,0,0,0,0,1,0,0
0.069,3,0.125,1,0,0,0,0,0,0,0,0,0
0.438,2,0.13636363636363635,1,0,0,0,0,0,0,1,0,1
0.095,1,0.2222222222222222,1,0,0,0,0,0,0,0,0,0
0.167,2,0.3181818181818182,1,0,0,0,0,0,0,1,0,0
0.029,3,0.15384615384615385,1,0,0,0,0,0,0,0,0,0
0.333,0,1.0,0,0,0,0,0,0,0,0,0,0
0.214,2,0.42857142857142855,1,0,0,0,0,0,0,0,0,0
0.483,2,0.21739130434782608,1,1,1,1,0,0,0,0,0,0
0.786,3,0.0,1,0,0,0,0,0,0,0,0,0
0.227,0,0.75,0,0,0,0,0,0,0,0,0,0
0.4,1,0.0,1,0,0,0,0,0,0,0,0,1
0.966,0,0.7272727272727273,0,0,0,0,0,0,0,0,0,0
0.464,0,0.8333333333333334,0,1,1,1,0,0,0,0,0,0
0.265,1,0.08333333333333333,1,0,0,0,0,0,0,1,0,0
0.444,3,0.10526315789473684,0,0,0,0,0,0,0,0,0,1
0.583,2,0.47058823529411764,0,2,0,0,1,1,0,1,0,0
0.12,3,0.05263157894736842,1,0,0,0,0,0,0,0,0,0
0.062,1,0.18518518518518517,0,0,0,0,0,0,0,1,0,0
0.0,4,0.0,1,0,0,0,0,0,0,0,0,0
0.125,1,0.25,0,0,0,0,0,0,0,1,0,0
0.364,1,0.5789473684210527,0,3,0,0,1,0,0,0,0,0
0.067,3,0.125,1,0,0,0,0,0,0,0,0,0
0.241,1,0.5,1,0,0,0,0,0,0,0,0,0
0.472,2,0.23076923076923078,1,0,0,0,0,0,0,0,0,1
0.0,4,0.0,1,0,0,0,0,0,0,1,0,0
0.152,0,0.7272727272727273,0,1,0,0,0,1,0,1,0,0
0.042,3,0.11538461538461539,1,0,0,0,0,0,0,1,0,0
0.886,0,0.47058823529411764,1,2,1,1,1,0,0,0,0,0
0.515,1,0.03333333333333333,1,0,0,0,0,0,0,1,0,0
0.515,1,0.37037037037037035,1,2,1,1,1,0,0,0,0,1
0.424,0,0.631578947368421,1,0,0,0,0,0,0,0,0,0
0.5,0,0.6,0,1,1,1,0,0,0,0,0,0
0.042,1,0.11764705882352941,0,0,0,0,0,0,0,0,0,0
0.667,0,0.09090909090909091,1,0,0,0,0,0,0,0,0,0
0.407,0,0.7777777777777778,0,2,0,0,1,0,0,0,0,0
0.531,1,0.35714285714285715,1,2,1,1,1,0,0,0,0,1
0.478,4,0.21621621621621623,0,1,0,0,0,0,0,1,0,1
0.488,0,0.5714285714285714,0,1,0,0,0,0,0,0,0,0
0.574,0,0.3333333333333333,0,0,0,0,0,0,0,0,0,0
0.042,1,0.30434782608695654,1,0,0,0,0,0,0,0,0,0
0.206,2,0.0,1,0,0,0,0,0,0,0,0,0
0.45,1,0.6470588235294118,1,0,0,0,0,0,0,0,0,0
0.114,2,0.0,1,0,0,0,0,0,0,1,0,0
0.66,1,0.4,0,0,0,0,0,0,0,0,0,1
0.324,1,0.4444444444444444,0,1,0,0,0,0,0,0,0,0
0.455,1,0.35714285714285715,1,2,1,1,1,0,0,0,0,1
0.121,0,0.5789473684210527,1,0,0,0,0,0,0,0,0,0
0.317,1,0.05555555555555555,1,0,0,0,0,0,0,0,0,0
0.861,5,0.0,1,0,0,0,0,0,0,0,0,0
0.147,0,0.8,0,0,0,0,0,0,0,0,0,0
0.966,1,0.0,1,0,0,0,0,0,0,0,0,0
0.588,1,0.625,0,3,0,0,1,0,0,0,0,0
0.747,0,0.8,0,1,1,1,0,0,0,0,0,0
0.569,1,0.5,1,2,1,1,1,0,0,0,0,0
0.364,0,1.0,0,0,0,0,0,0,0,0,0,0
0.333,0,0.75,0,1,1,1,0,0,0,0,0,0
0.762,2,0.0,1,0,0,0,0,0,0,1,0,0
0.786,0,0.4666666666666667,0,2,1,1,1,0,0,0,0,0
0.794,0,0.75,0,1,1,1,0,0,0,0,0,0
0.544,2,0.15,1,1,1,1,0,0,0,1,0,0
0.643,0,0.0,1,0,0,0,0,0,0,1,0,0
0.536,4,0.3055555555555556,0,0,0,0,0,0,0,1,0,1
0.806,0,0.36363636363636365,1,0,0,0,0,0,0,0,0,0
0.074,3,0.125,1,0,0,0,0,0,0,0,0,0
0.279,0,0.6,0,1,1,1,0,0,0,0,0,0
0.69,1,0.4117647058823529,1,2,1,1,1,0,0,0,0,0
0.11,1,0.2,0,0,0,0,0,0,0,0,0,0
0.853,4,0.0,1,0,0,0,0,0,0,1,0,0
0.647,0,0.8,0,1,1,1,0,0,0,0,0,0
0.417,1,0.75,0,2,1,1,1,1,0,1,0,0
0.44,0,0.7619047619047619,0,2,1,1,1,0,0,0,0,0
0.562,1,0.6774193548387096,0,3,0,0,1,0,0,0,0,0
0.364,1,0.5384615384615384,1,0,0,0,0,0,0,0,0,0
0.062,1,0.19230769230769232,0,0,0,0,0,0,0,1,0,0
0.781,0,0.125,1,0,0,0,0,0,0,0,0,0
0.5,2,0.4117647058823529,1,0,0,0,0,0,0,0,0,0
0.029,4,0.0,1,0,0,0,0,0,0,0,0,0
0.333,1,0.0,1,0,0,0,0,0,0,0,0,0
0.917,4,0.0,0,0,0,0,0,0,0,1,0,0
0.333,0,0.71875,0,3,0,0,1,0,0,0,0,0
0.073,2,0.1111111111111111,1,0,0,0,0,0,0,0,0,0
0.224,1,0.0,1,0,0,0,0,0,0,0,0,0
0.353,1,0.3333333333333333,1,0,0,0,0,0,0,0,0,0
0.487,0,1.0,0,0,0,0,0,0,0,0,0,0
0.746,0,0.0,1,0,0,0,0,0,0,1,0,0
0.923,5,0.0,1,0,0,0,0,0,0,0,0,0
0.648,1,0.0,1,0,0,0,0,0,0,0,0,0
0.75,0,0.5333333333333333,0,2,1,1,1,0,0,0,0,0
0.24,3,0.05128205128205128,1,0,0,0,0,0,0,1,0,0
0.333,0,0.42105263157894735,1,0,0,0,0,0,0,0,0,0
0.174,1,0.2631578947368421,0,0,0,0,0,0,0,0,0,0
0.707,1,0.7391304347826086,0,1,0,0,0,0,0,0,0,0
0.188,2,0.3793103448275862,1,0,0,0,0,0,0,0,0,0
0.061,3,0.2727272727272727,1,0,0,0,0,0,0,0,0,0
0.808,1,0.3333333333333333,1,1,1,1,0,0,0,0,0,0
0.154,2,0.16129032258064516,1,0,0,0,0,0,0,0,0,0
0.462,2,0.0,1,0,0,0,0,0,0,0,0,0
0.176,2,0.15625,1,0,0,0,0,0,0,0,0,0
0.16,2,0.0,1,0,0,0,0,0,0,1,0,0
0.031,0,0.8181818181818182,0,0,0,0,0,0,0,0,0,0
0.311,0,0.5714285714285714,0,1,0,0,0,0,0,0,0,0
0.75,1,0.3125,1,1,1,1,0,0,0,0,0,0
0.394,2,0.4166666666666667,0,1,0,0,0,0,0,0,0,0
0.792,3,0.13636363636363635,1,1,1,1,0,0,0,1,0,0
0.154,1,0.22727272727272727,0,0,0,0,0,0,0,1,0,0
0.621,0,0.0,1,0,0,0,0,0,0,0,1,0
0.415,0,0.6956521739130435,0,1,0,0,0,1,0,1,0,0
0.485,1,0.39285714285714285,1,2,1,1,1,0,0,0,0,1
0.573,1,0.5,1,2,0,0,1,0,0,1,0,0
0.167,1,0.22727272727272727,0,0,0,0,0,0,0,1,0,0
0.486,2,0.0,1,0,0,0,0,0,0,0,0,0
0.086,3,0.0,1,0,0,0,0,0,0,1,0,0
0.25,5,0.0,1,0,0,0,0,0,0,0,0,0
0.804,0,0.75,0,1,1,1,0,0,0,0,0,0
0.353,1,0.2647058823529412,1,0,0,0,0,0,0,0,0,0
0.929,1,0.0,0,0,0,0,0,0,0,1,0,0
0.683,0,0.8333333333333334,0,1,1,1,0,0,0,0,0,0
0.96,5,0.0,1,0,0,0,0,0,0,1,0,0
0.769,0,1.0,0,0,0,0,0,0,0,0,0,0
0.441,5,0.0,1,0,0,0,0,0,0,1,0,0
0.538,2,0.0,1,0,0,0,0,0,0,1,0,0
0.548,2,0.2631578947368421,1,0,0,0,0,0,0,0,0,1
0.263,2,0.3125,1,0,0,0,0,0,0,0,0,0
0.306,1,0.5789473684210527,0,2,0,0,1,0,0,0,0,0
0.2,2,0.0,1,0,0,0,0,0,0,1,0,0
0.0,4,0.0,1,0,0,0,0,0,0,0,0,0
0.862,3,0.16666666666666666,1,0,0,0,0,0,0,0,0,1
0.091,0,0.20833333333333334,0,0,0,0,0,0,0,1,0,0
0.788,0,0.125,1,0,0,0,0,0,0,0,0,0
0.289,1,0.6666666666666666,0,2,1,1,1,1,0,1,0,0
0.92,0,0.4666666666666667,1,2,1,1,1,0,0,0,0,0
0.067,0,0.3333333333333333,0,0,0,0,0,0,0,0,0,0
0.921,1,0.25,1,0,0,0,0,0,0,0,0,0
0.212,1,0.0,1,0,0,0,0,0,0,0,0,0
0.5,1,0.28,0,1,0,0,0,0,0,1,0,1
0.13,2,0.0,1,0,0,0,0,0,0,0,0,0
0.12,3,0.0975609756097561,0,0,0,0,0,0,0,0,0,0
0.375,1,0.5217391304347826,1,0,0,0,0,0,0,0,0,0
0.194,5,0.0,1,0,0,0,0,0,0,1,0,0
0.074,0,0.3333333333333333,0,0,0,0,0,0,0,1,0,0
0.214,0,0.5454545454545454,0,0,0,0,0,0,0,0,0,0
0.781,6,0.0,1,0,0,0,0,0,0,1,0,0
0.935,1,0.5625,1,2,1,1,1,0,0,0,0,0
0.029,7,0.0,1,0,0,0,0,0,0,0,0,1
0.308,1,0.5384615384615384,1,0,0,0,0,0,0,0,0,0
0.418,0,0.0,0,0,0,0,0,0,0,0,0,0
0.875,0,0.5,1,1,0,0,0,0,0,0,0,0
0.094,1,0.3235294117647059,1,0,0,0,0,0,0,0,0,0
1.0,0,0.0,1,0,0,0,0,0,0,0,0,0
0.32,2,0.3076923076923077,1,0,0,0,0,0,0,0,0,0
0.5,1,0.7586206896551724,0,2,0,0,1,0,0,0,0,0
0.879,0,0.631578947368421,0,0,0,0,0,0,0,0,0,0
0.212,0,0.6956521739130435,0,0,0,0,0,0,0,0,0,0
0.481,1,0.6190476190476191,0,2,0,0,1,0,0,0,0,0
0.344,1,0.05,1,0,0,0,0,0,0,1,0,1
0.029,3,0.15384615384615385,1,0,0,0,0,0,0,0,0,0
0.836,3,0.058823529411764705,1,0,0,0,0,0,0,0,0,0
0.067,2,0.07407407407407407,1,0,0,0,0,0,0,1,0,0
0.783,1,0.38095238095238093,1,2,1,1,1,0,0,0,1,0
0.556,3,0.11627906976744186,1,0,0,0,0,0,0,0,0,1
0.469,1,0.35714285714285715,1,2,1,1,1,0,0,0,0,1
0.39,0,0.75,0,0,0,0,0,0,0,0,0,0
0.662,0,0.75,0,1,1,1,0,0,0,0,0,0
0.25,0,0.5,0,0,0,0,0,0,0,0,0,0
0.879,7,0.0,1,0,0,0,0,0,0,0,0,0
0.844,5,0.0,1,0,0,0,0,0,0,1,0,0
0.391,1,0.5384615384615384,1,0,0,0,0,0,0,0,0,0
0.219,0,0.5,1,0,0,0,0,0,0,0,0,0
0.256,0,1.0,0,0,0,0,0,0,0,0,0,0
0.732,2,0.2692307692307692,1,0,0,0,0,0,0,0,0,0
0.467,2,0.2,0,0,0,0,0,0,0,1,0,1
0.685,0,1.0,0,0,0,0,0,0,0,0,0,0
0.029,3,0.15384615384615385,1,0,0,0,0,0,0,0,0,0
0.964,4,0.0,1,0,0,0,0,0,0,1,0,0
0.943,5,0.0,1,0,0,0,0,0,0,0,0,0
0.0,2,0.2857142857142857,0,0,0,0,0,0,0,1,0,0
0.091,0,0.0,1,0,0,0,0,0,0,0,0,0
0.767,6,0.0,1,0,0,0,0,0,0,1,0,0
0.371,1,0.28125,1,0,0,0,0,0,0,0,0,0
0.3,4,0.24324324324324326,0,1,0,0,0,0,0,1,0,1
0.115,2,0.2631578947368421,0,0,0,0,0,0,0,0,0,0
0.852,1,0.5,1,3,1,1,1,0,0,0,0,0
0.324,0,0.6,0,1,1,1,0,0,0,0,0,0
0.024,2,0.125,1,0,0,0,0,0,0,0,0,0
0.417,0,0.8148148148148148,0,2,1,1,1,0,0,0,0,0
0.136,2,0.2777777777777778,0,0,0,0,0,0,0,0,0,0
0.622,2,0.5,0,2,0,0,1,1,0,1,0,0
0.419,3,0.0,1,0,0,0,0,0,0,0,0,1
0.136,2,0.0,1,0,0,0,0,0,0,1,0,0
0.578,0,0.6,0,1,1,1,0,0,0,0,0,0
0.176,2,0.20689655172413793,1,0,0,0,0,0,0,0,0,0
0.462,2,0.0,1,0,0,0,0,0,0,0,0,1
0.833,0,0.75,0,1,1,1,0,0,0,0,0,0
0.333,1,0.6956521739130435,0,2,1,1,1,1,0,1,0,0
0.459,0,0.0,1,0,0,0,0,0,0,0,0,0
0.444,1,0.3333333333333333,1,1,1,1,0,0,0,0,0,0
0.719,3,0.15789473684210525,1,0,0,0,0,0,0,1,0,1
0.568,2,0.5714285714285714,0,3,0,0,1,1,0,1,0,0
0.536,3,0.030303030303030304,1,0,0,0,0,0,0,0,0,1
0.265,1,0.08333333333333333,1,0,0,0,0,0,0,1,0,0
0.516,2,0.2631578947368421,0,1,1,1,0,0,0,0,0,1
0.351,0,0.0,1,0,0,0,0,0,0,0,0,0
0.105,2,0.0,1,0,0,0,0,0,0,0,0,0
0.071,0,0.5555555555555556,0,0,0,0,0,0,0,0,0,0
0.147,5,0.0,1,0,0,0,0,0,0,0,0,0
0.965,1,0.47368421052631576,1,2,1,1,1,0,0,0,0,0
0.389,1,0.43243243243243246,1,0,0,0,0,0,0,0,0,0
0.5,1,0.6,0,2,0,0,1,0,0,0,0,0
0.042,1,0.3103448275862069,1,0,0,0,0,0,0,1,0,0
0.0,2,0.2857142857142857,0,0,0,0,0,0,0,1,0,0
0.929,5,0.0,1,0,0,0,0,0,0,0,0,0
0.366,2,0.058823529411764705,1,0,0,0,0,0,0,0,0,1
0.353,1,0.2647058823529412,1,0,0,0,0,0,0,0,0,0
0.421,4,0.2647058823529412,0,1,0,0,0,0,0,1,0,1
0.25,2,0.36363636363636365,1,1,1,1,0,0,0,1,0,0
0.406,1,0.0,1,0,0,0,0,0,0,0,0,0
0.385,0,0.7083333333333334,0,3,1,1,1,0,0,0,0,0
0.417,1,0.07142857142857142,1,0,0,0,0,0,0,1,0,1
0.057,3,0.16279069767441862,1,0,0,0,0,0,0,1,0,0
0.966,1,0.0,1,0,0,0,0,0,0,0,0,0
0.19,1,0.22727272727272727,0,0,0,0,0,0,0,1,0,0
0.455,2,0.36363636363636365,0,0,0,0,0,0,0,0,0,0
0.078,4,0.0,1,0,0,0,0,0,0,0,0,0
0.0,3,0.0,1,0,0,0,0,0,0,0,0,0
1.0,6,0.0,1,0,0,0,0,0,0,0,0,0
0.476,1,0.0,1,0,0,0,0,0,0,0,1,0
0.55,2,0.15,1,1,1,1,0,0,0,0,0,1
0.382,1,0.2857142857142857,1,0,0,0,0,0,0,0,0,0
0.034,1,0.5,1,0,0,0,0,0,0,0,0,0
0.316,2,0.42857142857142855,1,0,0,0,0,0,0,0,0,0
0.351,0,1.0,0,0,0,0,0,0,0,0,0,0
0.746,0,0.6666666666666666,0,0,0,0,0,0,0,0,0,0
0.609,0,0.09090909090909091,1,0,0,0,0,0,0,0,0,0
0.391,0,0.5,1,0,0,0,0,0,0,0,0,0
0.867,6,0.0,1,0,0,0,0,0,0,1,0,0
0.041,3,0.125,1,0,0,0,0,0,0,0,0,0
0.262,2,0.4117647058823529,1,0,0,0,0,0,0,0,0,0
0.448,5,0.19444444444444445,0,1,0,0,0,0,0,0,0,1
0.677,0,1.0,0,0,0,0,0,0,0,0,0,0
0.448,1,0.23076923076923078,1,1,1,1,0,0,0,0,0,0
0.963,1,0.4444444444444444,1,2,1,1,1,0,0,0,0,0
0.271,0,0.8,0,1,1,1,0,0,0,0,0,0
0.714,0,0.5263157894736842,0,0,0,0,0,0,0,0,0,0
0.969,0,0.5151515151515151,1,0,0,0,0,0,0,1,0,0
0.514,0,0.5714285714285714,1,0,0,0,0,0,0,0,0,0
0.19,1,0.375,1,0,0,0,0,0,0,0,0,0
1.0,6,0.0,1,0,0,0,0,0,0,0,0,0
0.033,2,0.0,1,0,0,0,0,0,0,0,0,0
1.0,0,0.3333333333333333,1,2,1,1,1,0,0,0,0,0
0.862,4,0.0,1,0,0,0,0,0,0,0,0,0
0.797,0,1.0,0,0,0,0,0,0,0,0,0,0
0.269,0,0.0,0,0,0,0,0,0,0,1,0,0
0.595,9,0.0,1,0,0,0,0,0,0,1,0,0
0.4,0,0.7352941176470589,0,3,0,0,1,0,0,0,0,0
0.382,2,0.0,1,0,0,0,0,0,0,0,0,0
0.955,1,0.25,1,0,0,0,0,0,0,0,0,0
0.067,2,0.3125,0,0,0,0,0,0,0,0,0,0
0.091,3,0.2727272727272727,1,0,0,0,0,0,0,0,0,0
0.672,2,0.4230769230769231,1,0,0,0,0,0,0,1,0,1
0.393,2,0.1,1,0,0,0,0,0,0,0,0,1
0.355,2,0.19047619047619047,0,1,0,0,0,0,0,1,0,1
0.235,3,0.3333333333333333,1,0,0,0,0,0,0,1,0,0
0.963,0,0.0,1,0,0,0,0,0,0,0,0,0
0.615,3,0.0,1,0,0,0,0,0,0,1,0,1
1.0,0,0.8,0,1,0,0,0,0,0,0,0,0
0.585,0,0.6,0,1,1,1,0,0,0,0,0,0
0.919,1,0.14285714285714285,1,0,0,0,0,0,0,0,0,0
0.692,0,0.3333333333333333,1,0,0,0,0,0,0,0,0,0
0.276,4,0.21875,1,0,0,0,0,0,0,0,0,0
0.103,1,0.3235294117647059,1,0,0,0,0,0,0,0,0,0
0.056,4,0.1,1,0,0,0,0,0,0,1,0,0
0.529,2,0.3333333333333333,0,1,1,1,0,0,0,1,0,0
0.438,0,0.68,1,1,0,0,0,0,0,0,0,0
0.605,3,0.0,1,0,0,0,0,0,0,1,0,1
0.636,2,0.3333333333333333,0,1,1,1,0,0,0,1,0,0
0.429,0,0.75,0,0,0,0,0,0,0,0,0,0
0.303,3,0.3055555555555556,0,1,0,0,0,0,0,1,0,1
0.25,0,0.7272727272727273,0,1,0,0,0,0,0,0,0,0
0.16,1,0.3076923076923077,0,0,0,0,0,0,0,0,0,0
0.491,1,0.6666666666666666,0,3,0,0,1,0,0,0,0,0
0.265,0,0.6,0,1,1,1,0,0,0,0,0,0
0.146,0,0.7391304347826086,0,0,0,0,0,1,0,1,0,0
0.448,0,0.7368421052631579,0,2,1,1,1,0,0,0,0,0
0.074,3,0.2727272727272727,1,0,0,0,0,0,0,0,0,0
0.611,3,0.0,1,0,0,0,0,0,0,0,0,0
0.154,2,0.29411764705882354,0,0,0,0,0,0,0,0,0,0
0.333,3,0.0,1,0,0,0,0,0,0,1,0,1
0.152,1,0.5882352941176471,1,0,0,0,0,0,0,0,0,0
0.6,1,0.2,1,1,1,1,0,0,0,0,0,1
0.875,3,0.2727272727272727,1,0,0,0,0,0,0,0,0,0
0.429,0,0.8,0,1,1,1,0,0,0,0,0,0
0.5,2,0.35714285714285715,1,2,1,1,1,0,0,0,0,1
0.19,2,0.16666666666666666,0,0,0,0,0,0,0,1,0,0
0.0,2,0.0,1,0,0,0,0,0,0,0,0,1
0.087,2,0.14285714285714285,1,0,0,0,0,0,0,1,0,0
0.524,3,0.12,1,1,1,1,0,0,0,0,0,1
0.481,2,0.4375,0,2,0,0,1,1,0,1,0,0
0.5,0,0.6666666666666666,0,1,1,1,0,0,0,0,0,0
0.386,1,0.2857142857142857,0,1,1,1,0,0,0,0,0,1
0.0,2,0.0,1,0,0,0,0,0,0,0,0,0
0.5,1,0.6842105263157895,0,2,0,0,1,0,0,0,0,0
0.19,2,0.16666666666666666,0,0,0,0,0,0,0,1,0,0
0.833,2,0.0,1,0,0,0,0,0,0,1,0,0
0.024,4,0.0,1,0,0,0,0,0,0,0,0,0
0.45,2,0.38461538461538464,1,1,1,1,0,0,0,1,0,0
0.538,4,0.09523809523809523,1,0,0,0,0,0,0,1,0,1
0.925,3,0.0,1,0,0,0,0,0,0,0,0,0
0.034,4,0.15384615384615385,1,0,0,0,0,0,0,1,0,0
0.103,3,0.0,1,0,0,0,0,0,0,1,0,0
0.261,0,0.0,1,0,0,0,0,0,0,0,0,0
0.667,1,0.4375,1,1,1,1,0,0,0,0,0,0
0.967,1,0.35714285714285715,1,1,1,1,0,0,0,1,0,0
0.3,2,0.3793103448275862,1,0,0,0,0,0,0,1,0,1
0.208,0,0.4666666666666667,1,0,0,0,0,0,0,0,0,0
0.621,2,0.0,1,0,0,0,0,0,0,0,0,1
0.594,0,0.41935483870967744,1,2,1,1,1,0,0,0,0,1
0.08,2,0.0,1,0,0,0,0,0,0,0,0,0
0.412,0,0.8235294117647058,0,0,0,0,0,0,0,0,0,0
0.517,2,0.21428571428571427,1,1,1,1,0,0,0,0,0,0
0.02,4,0.28125,1,0,0,0,0,0,0,0,0,0
0.417,4,0.0,1,0,0,0,0,0,0,0,1,0
0.429,2,0.2631578947368421,1,1,0,0,0,0,0,1,0,0
0.361,2,0.30303030303030304,1,2,0,0,1,0,0,1,0,1
0.406,1,0.25,1,0,0,0,0,0,0,0,0,0
0.4,1,0.7407407407407407,0,2,1,1,1,1,0,1,0,0
0.775,1,0.0,1,0,0,0,0,0,0,0,0,0
0.792,0,0.7878787878787878,0,0,0,0,0,0,0,0,0,0
0.595,0,0.75,0,2,1,1,1,0,0,0,0,0
0.375,0,0.3684210526315789,1,0,0,0,0,0,0,0,0,1
0.882,4,0.0,1,0,0,0,0,0,0,1,0,0
0.562,0,0.4,0,1,1,1,0,0,0,1,0,0
0.381,2,0.15384615384615385,1,0,0,0,0,0,0,0,0,1
0.767,0,0.4117647058823529,1,2,1,1,1,0,0,0,0,0
0.6,0,0.41935483870967744,1,2,1,1,1,0,0,1,0,1
0.324,0,0.0,0,0,0,0,0,0,0,0,0,0
0.559,1,0.3,1,1,1,1,0,0,0,0,0,0
0.25,0,0.56,1,0,0,0,0,0,0,0,0,0
0.133,0,0.5789473684210527,1,0,0,0,0,0,0,0,0,0
0.441,1,0.35714285714285715,1,2,1,1,1,0,0,0,0,1
0.656,0,0.6,0,1,1,1,0,0,0,0,0,0
0.976,2,0.05,1,0,0,0,0,0,0,1,0,0
0.908,1,0.2,1,0,0,0,0,0,0,0,0,0
0.469,1,0.14285714285714285,1,1,1,1,0,0,0,1,0,0
0.833,2,0.3888888888888889,0,0,0,0,0,0,0,0,0,0
0.582,1,0.3684210526315789,1,2,0,0,1,0,0,0,0,0
0.654,2,0.11538461538461539,1,1,1,1,0,0,0,1,0,0
0.789,0,0.8,0,0,0,0,0,0,0,0,0,0
0.22,1,0.16666666666666666,1,0,0,0,0,0,0,1,0,1
0.0,2,0.0,1,0,0,0,0,0,0,0,0,0
0.812,0,1.0,0,0,0,0,0,0,0,0,0,0
0.08,3,0.1111111111111111,1,0,0,0,0,0,0,1,0,0
0.542,4,0.23333333333333334,1,2,0,0,1,0,0,1,0,1
0.429,2,0.0,1,0,0,0,0,0,0,0,0,1
0.234,1,0.2857142857142857,1,0,0,0,0,0,0,0,0,0
0.29,1,0.43243243243243246,1,0,0,0,0,0,0,0,0,0
0.254,4,0.24390243902439024,1,0,0,0,0,0,0,1,0,0
0.278,0,0.8181818181818182,0,0,0,0,0,0,0,0,0,0
0.324,2,0.18518518518518517,0,0,0,0,0,0,0,1,0,0
0.265,1,0.08333333333333333,1,0,0,0,0,0,0,1,0,0
0.308,4,0.21739130434782608,1,0,0,0,0,0,0,0,0,1
0.154,2,0.15625,1,0,0,0,0,0,0,0,0,0
0.435,0,0.3333333333333333,1,0,0,0,0,0,0,0,0,0
0.029,0,0.4,1,0,0,0,0,0,0,1,0,0
1.0,3,0.0,0,0,0,0,0,0,0,1,0,0
0.562,0,0.5454545454545454,0,2,1,1,1,0,0,0,0,0
0.034,1,0.2222222222222222,1,0,0,0,0,0,0,1,0,0
0.143,2,0.0,1,0,0,0,0,0,0,1,0,0
0.138,3,0.0,1,0,0,0,0,0,0,0,0,0
0.067,3,0.42857142857142855,1,0,0,0,0,0,0,0,0,0
0.62,0,0.75,0,1,1,1,0,0,0,0,0,0
0.075,0,0.5555555555555556,1,0,0,0,0,0,0,0,0,0
0.397,0,0.5,1,1,1,1,0,0,0,0,0,0
0.045,4,0.0,1,0,0,0,0,0,0,1,0,0
0.324,2,0.18518518518518517,0,0,0,0,0,0,0,1,0,0
0.2,1,0.2222222222222222,1,0,0,0,0,0,0,0,0,0
0.2,0,0.8235294117647058,0,0,0,0,0,0,0,0,0,0
0.323,2,0.5714285714285714,1,0,0,0,0,0,0,0,0,1
0.579,1,0.5,1,0,0,0,0,0,0,0,0,0
0.235,5,0.0,1,0,0,0,0,0,0,0,0,0
0.051,5,0.025,1,0,0,0,0,0,0,1,0,0
0.75,0,0.75,1,0,0,0,0,0,0,1,0,0
0.206,0,0.5405405405405406,1,0,0,0,0,0,0,1,0,0
0.176,2,0.15625,1,0,0,0,0,0,0,0,0,0
0.054,0,0.6,0,0,0,0,0,0,0,0,0,0
0.375,1,0.2857142857142857,1,0,0,0,0,0,0,0,0,0
0.569,0,0.75,0,1,1,1,0,0,0,0,0,0
0.458,3,0.21739130434782608,1,1,0,0,0,0,0,0,0,1
0.312,2,0.0,1,0,0,0,0,0,0,0,0,0
0.235,5,0.0,1,0,0,0,0,0,0,0,0,0
0.032,0,0.6363636363636364,0,0,0,0,0,0,0,0,0,0
0.515,0,0.25,1,1,1,1,0,0,0,1,0,0
0.412,0,0.6956521739130435,0,0,0,0,0,0,0,0,0,0
0.167,2,0.34782608695652173,1,0,0,0,0,0,0,1,0,0
0.509,3,0.09090909090909091,1,0,0,0,0,0,0,1,0,1
0.969,1,0.5714285714285714,1,1,0,0,0,0,0,0,0,0
0.438,5,0.0,1,0,0,0,0,0,0,1,0,0
0.81,0,0.631578947368421,0,0,0,0,0,0,0,0,0,0
0.3,1,0.5238095238095238,1,0,0,0,0,0,0,1,0,0
0.385,0,0.5714285714285714,0,1,1,1,0,1,0,1,0,0
0.429,1,0.3888888888888889,1,1,0,0,0,0,0,0,0,0
0.63,1,0.2,1,1,1,1,0,0,0,0,0,0
0.909,1,0.15384615384615385,1,0,0,0,0,0,0,1,0,0
0.286,0,0.0,0,0,0,0,0,0,0,0,0,0
0.258,5,0.0,1,0,0,0,0,0,0,0,0,0
0.528,0,0.29411764705882354,1,2,1,1,1,0,0,0,0,1
1.0,3,0.0,1,0,0,0,0,0,0,1,0,0
0.0,4,0.0,1,0,0,0,0,0,0,0,0,1
0.095,3,0.17857142857142858,1,0,0,0,0,0,0,0,0,0
0.8,0,0.631578947368421,0,0,0,0,0,0,0,0,0,0
0.1,3,0.15625,1,0,0,0,0,0,0,0,0,0
0.136,1,0.0,1,0,0,0,0,0,0,0,0,1
0.444,1,0.0,1,0,0,0,0,0,0,0,0,0
0.056,1,0.0,1,0,0,0,0,0,0,0,0,1
0.8,4,0.0,1,0,0,0,0,0,0,0,0,0
0.029,4,0.15384615384615385,1,0,0,0,0,0,0,1,0,0
0.048,0,0.4,1,0,0,0,0,0,0,1,0,1
0.246,0,0.42857142857142855,1,1,1,1,0,0,0,0,0,0
0.97,1,0.0,1,0,0,0,0,0,0,0,0,0
0.067,2,0.3125,0,0,0,0,0,0,0,0,0,0
0.483,2,0.14814814814814814,1,0,0,0,0,0,0,0,0,1
0.367,0,0.5882352941176471,1,0,0,0,0,0,0,0,0,0
0.444,1,0.2727272727272727,1,0,0,0,0,0,0,0,0,1
0.138,0,0.5789473684210527,1,0,0,0,0,0,0,0,0,0
1.0,1,0.0,1,0,0,0,0,0,0,1,0,0
0.426,0,0.6,0,1,1,1,0,0,0,0,0,0
0.577,2,0.2631578947368421,0,1,1,1,0,0,0,0,0,1
0.6,1,0.5652173913043478,1,3,1,1,1,0,0,0,0,0
0.29,2,0.19047619047619047,0,1,0,0,0,0,0,1,0,1
0.593,4,0.0,1,0,0,0,0,0,0,0,0,1
0.088,0,0.75,0,0,0,0,0,0,0,1,0,0
0.875,0,0.75,0,0,0,0,0,0,0,0,0,0
1.0,0,0.75,0,0,0,0,0,0,0,0,0,0
0.0,3,0.0,1,0,0,0,0,0,0,0,0,0
0.108,0,0.75,0,0,0,0,0,0,0,0,0,0
0.185,1,0.625,1,0,0,0,0,0,0,0,0,0
0.938,5,0.0,1,0,0,0,0,0,0,0,0,0
0.429,2,0.3157894736842105,1,2,0,0,1,0,0,0,0,1
0.25,2,0.21739130434782608,1,1,1,1,0,0,0,1,0,1
0.78,3,0.35,0,0,0,0,0,0,0,0,0,0
0.545,0,0.0,1,0,0,0,0,0,0,0,0,0
0.36,0,0.5384615384615384,0,2,1,1,1,0,0,0,0,0
0.379,0,0.5,1,1,1,1,0,0,0,0,0,0
0.455,1,0.35714285714285715,1,2,1,1,1,0,0,0,0,1
0.636,0,0.5294117647058824,1,0,0,0,0,0,0,0,0,0
0.061,1,0.19230769230769232,0,0,0,0,0,0,0,1,0,0
0.6,4,0.17857142857142858,0,1,1,1,0,0,0,0,0,1
0.308,2,0.4642857142857143,1,0,0,0,0,0,0,0,0,0
0.0,4,0.14634146341463414,1,0,0,0,0,0,0,1,0,0
0.519,2,0.0,1,0,0,0,0,0,0,0,0,1
0.179,3,0.2564102564102564,1,0,0,0,0,0,0,1,0,0
0.271,1,0.2727272727272727,1,0,0,0,0,0,0,0,0,0
0.273,0,0.0,1,0,0,0,0,0,0,0,0,0
0.592,2,0.08823529411764706,1,0,0,0,0,0,0,1,0,1
0.0,4,0.13157894736842105,1,0,0,0,0,0,0,0,0,0
0.333,2,0.09090909090909091,0,0,0,0,0,0,0,1,0,1
0.556,1,0.6666666666666666,0,2,1,1,1,1,0,1,0,0
0.459,3,0.12,0,0,0,0,0,0,0,1,0,1
0.433,1,0.6666666666666666,0,2,1,1,1,1,0,1,0,0
0.0,3,0.0,1,0,0,0,0,0,0,1,0,0
0.444,1,0.0,1,0,0,0,0,0,0,0,0,0
0.4,0,0.5714285714285714,0,1,0,0,0,0,0,0,0,0
0.091,2,0.0,1,0,0,0,0,0,0,1,0,0
0.796,2,0.13333333333333333,1,0,0,0,0,0,0,0,0,0
1.0,0,0.6,1,0,0,0,0,0,0,0,0,0
0.242,5,0.0,1,0,0,0,0,0,0,0,0,0
0.536,4,0.2777777777777778,0,1,0,0,0,0,0,0,0,1
0.485,2,0.0,1,0,0,0,0,0,0,0,0,1
0.862,5,0.0,1,0,0,0,0,0,0,1,0,0
0.933,5,0.0,1,0,0,0,0,0,0,0,0,0
0.37,2,0.0,1,0,0,0,0,0,0,0,0,1
0.815,0,0.7878787878787878,0,0,0,0,0,0,0,0,0,0
0.37,0,0.5,1,0,0,0,0,0,0,0,0,0
0.133,5,0.14705882352941177,1,0,0,0,0,0,0,0,0,0
0.305,0,0.14285714285714285,1,0,0,0,0,0,0,0,0,0
0.065,1,0.19230769230769232,0,0,0,0,0,0,0,1,0,0
0.708,3,0.0,1,0,0,0,0,0,0,1,0,0
0.031,3,0.0,1,0,0,0,0,0,0,1,0,0
0.875,1,0.0,1,0,0,0,0,0,0,0,0,0
0.957,3,0.0,1,0,0,0,0,0,0,1,0,0
0.417,0,0.2,1,0,0,0,0,0,0,1,0,0
0.609,2,0.0,1,0,0,0,0,0,0,0,0,0
0.81,0,0.7,0,2,1,1,1,0,0,0,0,0
0.5,3,0.0,1,0,0,0,0,0,0,1,0,1
0.809,1,0.4166666666666667,1,0,0,0,0,0,0,0,0,0
0.815,1,0.42105263157894735,1,2,1,1,1,0,0,0,0,0
0.579,1,0.375,1,1,1,1,0,0,0,0,0,0
0.435,0,0.0,1,0,0,0,0,0,0,0,0,1
0.562,2,0.38461538461538464,0,1,1,1,0,0,0,1,0,0
0.292,2,0.52,1,0,0,0,0,0,0,0,0,0
0.406,0,0.6,1,0,0,0,0,0,0,0,0,0
0.615,2,0.125,0,0,0,0,0,0,0,0,0,1
0.5,0,0.19047619047619047,1,1,1,1,0,0,0,0,0,0
0.976,5,0.0,1,0,0,0,0,0,0,0,0,0
0.529,1,0.0,1,0,0,0,0,0,0,0,0,0
0.875,1,0.32,0,0,0,0,0,0,0,0,0,1
0.548,0,0.7142857142857143,1,0,0,0,0,0,0,0,0,0
0.148,0,0.2,1,0,0,0,0,0,0,1,0,0
0.882,7,0.0,1,0,0,0,0,0,0,0,0,0
0.679,1,0.09523809523809523,1,0,0,0,0,0,0,1,0,0
0.0,4,0.14634146341463414,1,0,0,0,0,0,0,1,0,0
0.95,1,0.4583333333333333,1,0,0,0,0,0,0,0,0,0
0.108,0,0.35294117647058826,0,0,0,0,0,0,0,0,0,0
0.242,1,0.5833333333333334,1,0,0,0,0,0,0,0,0,0
0.185,1,0.5555555555555556,1,0,0,0,0,0,0,0,0,0
0.069,4,0.12903225806451613,1,0,0,0,0,0,0,1,0,0
0.92,5,0.0,1,0,0,0,0,0,0,1,0,0
0.547,3,0.09375,1,0,0,0,0,0,0,1,0,1
0.103,2,0.0,1,0,0,0,0,0,0,1,0,0
0.426,4,0.09090909090909091,1,0,0,0,0,0,0,0,0,1
0.115,2,0.0,1,0,0,0,0,0,0,1,0,0
0.458,2,0.0,1,0,0,0,0,0,0,0,0,0
0.433,3,0.325,0,0,0,0,0,0,0,0,0,1
0.875,4,0.0,1,0,0,0,0,0,0,1,0,0
0.92,1,0.47058823529411764,1,2,1,1,1,0,0,0,0,0
0.768,2,0.0,1,0,0,0,0,0,0,0,0,0
0.129,4,0.0,1,0,0,0,0,0,0,0,0,0
1.0,0,0.9473684210526315,0,0,0,0,0,0,0,0,0,0
0.444,4,0.0625,1,0,0,0,0,0,0,0,0,1
0.585,3,0.11764705882352941,0,0,0,0,0,0,0,0,0,1
0.633,0,0.2222222222222222,0,0,0,0,0,0,0,0,0,0
0.778,1,0.0,1,0,0,0,0,0,0,0,0,0
0.737,1,0.2,0,0,0,0,0,0,0,0,0,1
0.242,5,0.0,1,0,0,0,0,0,0,0,0,0
0.697,2,0.08333333333333333,1,0,0,0,0,0,0,0,0,0
0.543,0,0.4642857142857143,1,2,1,1,1,0,0,0,0,1
0.034,3,0.12903225806451613,1,0,0,0,0,0,0,1,0,0
1.0,4,0.0,1,0,0,0,0,0,0,0,0,0
0.829,0,0.0,1,0,0,0,0,0,0,0,0,0
0.556,0,0.5384615384615384,1,0,0,0,0,0,0,0,0,0
0.565,5,0.0,1,0,0,0,0,0,0,1,0,1
0.352,1,0.0,1,0,0,0,0,0,0,0,0,0
0.042,1,0.4117647058823529,1,0,0,0,0,0,0,1,0,0
0.857,5,0.0,1,0,0,0,0,0,0,1,0,0
0.0,4,0.14634146341463414,1,0,0,0,0,0,0,1,0,0
0.917,1,0.2857142857142857,1,0,0,0,0,0,0,0,0,0
0.294,0,0.75,0,0,0,0,0,0,0,0,0,0
0.243,2,0.30434782608695654,1,0,0,0,0,0,0,0,0,0
0.25,2,0.2222222222222222,0,0,0,0,0,0,0,0,0,0
0.235,4,0.0,1,0,0,0,0,0,0,0,0,0
0.292,0,0.0,1,0,0,0,0,0,0,0,0,0
0.0,0,0.0,1,0,0,0,0,0,0,1,0,0
0.697,1,0.47058823529411764,1,0,0,0,0,0,0,0,0,0
0.0,0,0.27586206896551724,1,0,0,0,0,0,0,0,0,0
0.355,2,0.14814814814814814,0,0,0,0,0,0,0,1,0,0
0.407,1,0.0,1,0,0,0,0,0,0,0,0,0
0.148,0,0.8,0,0,0,0,0,0,0,0,0,0
0.344,2,0.5263157894736842,0,2,0,0,1,1,0,1,0,0
0.68,0,0.7272727272727273,0,0,0,0,0,0,0,0,0,0
0.581,2,0.2777777777777778,0,0,0,0,0,0,0,0,0,1
0.88,4,0.0,1,0,0,0,0,0,0,1,0,0
0.292,1,0.36,1,0,0,0,0,0,0,0,0,0
0.424,1,0.4864864864864865,1,0,0,0,0,0,0,1,0,0
0.281,1,0.08333333333333333,1,0,0,0,0,0,0,1,0,0
0.662,5,0.0,1,0,0,0,0,0,0,0,0,0
0.03,3,0.15384615384615385,1,0,0,0,0,0,0,0,0,0
0.423,2,0.4375,0,2,0,0,1,1,0,1,0,0
0.032,0,0.5555555555555556,0,0,0,0,0,0,0,0,0,0
0.369,6,0.15151515151515152,1,1,0,0,0,0,0,1,0,1
0.4,3,0.2727272727272727,1,1,0,0,0,0,0,0,0,1
0.353,1,0.5555555555555556,0,3,0,0,1,0,0,0,0,0
0.242,1,0.39473684210526316,1,0,0,0,0,0,0,0,0,0
0.909,8,0.0,1,0,0,0,0,0,0,0,0,0
0.229,2,0.0,1,0,0,0,0,0,0,0,0,0
0.3,3,0.45714285714285713,1,0,0,0,0,0,0,0,0,0
0.4,4,0.2,0,1,0,0,0,0,0,0,0,1
0.138,2,0.2777777777777778,0,0,0,0,0,0,0,0,0,0
0.045,5,0.0,1,0,0,0,0,0,0,1,0,0
0.756,0,0.7428571428571429,0,0,0,0,0,0,0,0,0,0
0.083,4,0.15384615384615385,1,0,0,0,0,0,0,1,0,0
0.934,1,0.2857142857142857,1,0,0,0,0,0,0,0,0,0
0.528,2,0.21428571428571427,1,1,1,1,0,0,0,0,0,0
0.25,0,0.782608695652174,1,0,0,0,0,0,0,0,0,0
0.03,0,0.6923076923076923,0,0,0,0,0,0,0,0,0,0
0.467,1,0.5555555555555556,0,3,0,0,1,0,0,0,0,0
0.025,4,0.0,1,0,0,0,0,0,0,0,0,0
0.381,2,0.5909090909090909,1,0,0,0,0,0,0,1,0,1
0.6,2,0.11428571428571428,1,0,0,0,0,0,0,1,0,0
0.229,1,0.6956521739130435,0,2,1,1,1,1,0,1,0,0
0.656,0,0.0,1,0,0,0,0,0,0,0,0,0
0.407,1,0.2857142857142857,0,0,0,0,0,0,0,0,0,1
0.533,4,0.09090909090909091,0,0,0,0,0,0,0,1,0,1
0.25,5,0.0,1,0,0,0,0,0,0,0,0,0
0.397,0,0.6,0,0,0,0,0,0,0,0,0,1
0.061,2,0.3125,0,0,0,0,0,0,0,0,0,0
0.619,1,0.4375,0,0,0,0,0,0,0,0,0,0
0.214,2,0.03571428571428571,1,0,0,0,0,0,0,0,0,0
0.382,0,0.6,0,1,1,1,0,0,0,0,0,0
0.64,1,0.3888888888888889,1,2,1,1,1,0,0,0,0,0
0.359,2,0.3793103448275862,1,0,0,0,0,0,0,1,0,1
1.0,6,0.0,1,0,0,0,0,0,0,0,0,0
0.057,2,0.07407407407407407,1,0,0,0,0,0,0,1,0,0
0.714,2,0.0,1,0,0,0,0,0,0,1,0,0
0.778,0,0.8,0,0,0,0,0,0,0,0,0,0
0.048,0,0.6,0,0,0,0,0,0,0,0,0,0
0.757,7,0.0,1,0,0,0,0,0,0,1,0,0
0.634,0,1.0,0,0,0,0,0,0,0,0,0,0
0.455,1,0.6666666666666666,0,2,1,1,1,1,0,1,0,0
0.545,0,0.4666666666666667,0,2,0,0,1,0,0,0,0,0
0.444,1,0.37037037037037035,1,2,1,1,1,0,0,0,0,1
0.484,0,1.0,0,0,0,0,0,0,0,0,0,0
0.697,1,0.0,1,0,0,0,0,0,0,0,1,0
0.406,0,0.42857142857142855,0,0,0,0,0,0,0,1,0,0
1.0,3,0.0,1,0,0,0,0,0,0,0,0,0
0.0,3,0.05555555555555555,1,0,0,0,0,0,0,0,0,1
0.37,2,0.5833333333333334,0,3,0,0,1,1,0,1,0,0
0.254,2,0.0,1,0,0,0,0,0,0,0,0,0
0.697,2,0.05,1,0,0,0,0,0,0,0,0,1
0.318,1,0.6774193548387096,0,3,0,0,1,0,0,0,0,0
0.0,6,0.0,1,0,0,0,0,0,0,1,0,0
0.222,1,0.5,1,0,0,0,0,0,0,0,0,0
0.769,0,0.5714285714285714,1,0,0,0,0,0,0,0,0,0
0.463,1,0.625,1,1,0,0,0,0,0,0,0,0
0.371,0,0.42857142857142855,0,1,1,1,0,0,0,0,0,0
0.805,2,0.2777777777777778,1,1,1,1,0,0,0,0,0,0
0.919,1,0.0,1,0,0,0,0,0,0,0,0,0
0.0,5,0.0,1,0,0,0,0,0,0,0,0,0
0.182,3,0.2564102564102564,1,0,0,0,0,0,0,1,0,0
0.222,2,0.16129032258064516,1,0,0,0,0,0,0,0,0,0
0.836,1,0.3333333333333333,1,0,0,0,0,0,0,0,0,0
0.257,0,0.45454545454545453,1,0,0,0,0,0,0,0,0,0
0.97,3,0.0,1,0,0,0,0,0,0,0,0,0
0.615,1,0.0,1,0,0,0,0,0,0,0,0,0
0.154,2,0.18518518518518517,0,0,0,0,0,0,0,1,0,0
0.145,2,0.16129032258064516,1,0,0,0,0,0,0,0,0,0
0.292,2,0.46153846153846156,1,0,0,0,0,0,0,0,0,0
0.462,1,0.3684210526315789,1,1,0,0,0,0,0,0,0,0
0.306,2,0.14814814814814814,0,0,0,0,0,0,0,1,0,0
0.588,0,0.4642857142857143,1,2,1,1,1,0,0,0,0,1
0.667,0,0.7272727272727273,0,0,0,0,0,0,0,0,0,0
0.719,0,0.1111111111111111,1,0,0,0,0,0,0,0,0,0
0.704,1,0.3333333333333333,1,1,1,1,0,0,0,0,0,0
0.088,0,0.6774193548387096,1,0,0,0,0,0,0,1,0,0
0.091,3,0.0,1,0,0,0,0,0,0,1,0,0
0.947,0,0.7142857142857143,0,2,1,1,1,0,0,0,0,0
0.315,0,0.5,1,1,1,1,0,0,0,0,0,0
0.0,4,0.0,1,0,0,0,0,0,0,0,0,0
0.537,1,0.6071428571428571,0,1,0,0,0,0,0,1,0,1
0.462,2,0.0,1,0,0,0,0,0,0,0,0,0
0.794,1,0.0,1,0,0,0,0,0,0,0,0,0
0.172,0,0.6285714285714286,1,0,0,0,0,0,0,1,0,0
0.6,1,0.631578947368421,0,2,1,1,1,1,0,1,0,0
0.603,0,0.75,0,1,1,1,0,0,0,0,0,0
0.593,1,0.38461538461538464,1,1,1,1,0,0,0,0,0,1
0.818,0,0.7142857142857143,0,1,0,0,0,0,0,0,0,0
0.133,3,0.16129032258064516,1,0,0,0,0,0,0,1,0,0
0.0,0,0.8333333333333334,1,0,0,0,0,0,0,0,0,0
0.895,0,0.5294117647058824,0,2,1,1,1,0,0,0,0,0
0.5,0,0.6,0,1,1,1,0,0,0,0,0,0
0.328,0,0.6,0,1,1,1,0,0,0,0,0,0
0.029,6,0.0,1,0,0,0,0,0,0,1,0,0
0.125,1,0.6060606060606061,1,0,0,0,0,0,0,1,0,0
0.077,2,0.0,1,0,0,0,0,0,0,0,0,0
0.946,0,0.0,1,0,0,0,0,0,0,1,0,0
0.719,1,0.4117647058823529,1,2,1,1,1,0,0,0,0,0
0.065,0,0.6923076923076923,0,0,0,0,0,0,0,0,0,0
0.038,1,0.0,1,0,0,0,0,0,0,0,0,1
0.075,2,0.2857142857142857,1,0,0,0,0,0,0,0,0,0
0.059,1,0.0,1,0,0,0,0,0,0,0,0,0
0.1,2,0.1935483870967742,1,0,0,0,0,0,0,0,0,0
0.661,2,0.3142857142857143,1,0,0,0,0,0,0,0,0,0
0.69,0,0.16666666666666666,1,0,0,0,0,0,0,0,0,0
0.074,0,0.8333333333333334,1,0,0,0,0,0,0,0,0,0
0.111,3,0.030303030303030304,1,0,0,0,0,0,0,0,0,0
0.382,3,0.0,1,0,0,0,0,0,0,0,0,0
0.129,2,0.04,1,0,0,0,0,0,0,0,0,0
0.703,0,0.0,1,0,0,0,0,0,0,0,0,0
0.286,2,0.0,1,0,0,0,0,0,0,0,0,0
0.746,0,0.6666666666666666,0,2,1,1,1,0,0,0,0,0
0.324,2,0.4166666666666667,0,1,0,0,0,0,0,0,0,0
0.0,6,0.0,1,0,0,0,0,0,0,1,0,0
0.0,1,0.0,1,0,0,0,0,0,0,1,0,0
0.5,1,0.16666666666666666,0,0,0,0,0,0,0,1,0,1
0.1,4,0.0,1,0,0,0,0,0,0,0,0,0
0.667,1,0.3333333333333333,1,0,0,0,0,0,0,0,0,0
0.412,0,0.5714285714285714,0,0,0,0,0,0,0,0,0,0
0.095,2,0.19230769230769232,1,0,0,0,0,0,0,0,0,0
0.389,2,0.4375,0,2,0,0,1,1,0,1,0,0
0.795,1,0.23076923076923078,1,0,0,0,0,0,0,0,0,1
0.357,0,0.5714285714285714,0,1,1,1,0,0,0,0,0,0
0.412,0,0.0,0,0,0,0,0,0,0,0,0,0
0.167,3,0.07407407407407407,1,0,0,0,0,0,0,1,0,0
0.37,1,0.14285714285714285,1,1,1,1,0,0,0,1,0,0
0.291,1,0.0,1,0,0,0,0,0,0,0,0,0
0.0,2,0.0,1,0,0,0,0,0,0,0,0,0
0.378,1,0.38461538461538464,0,1,1,1,0,0,0,0,0,0
0.52,2,0.4117647058823529,0,2,0,0,1,1,0,1,0,0
0.179,4,0.21875,1,0,0,0,0,0,0,0,0,0
0.439,1,0.5714285714285714,0,1,0,0,0,0,0,0,0,0
0.306,2,0.18518518518518517,0,0,0,0,0,0,0,1,0,0
0.22,0,0.4666666666666667,1,0,0,0,0,0,0,0,0,0
0.615,5,0.22857142857142856,1,2,0,0,1,0,0,1,0,1
0.931,5,0.0,1,0,0,0,0,0,0,0,0,0
0.5,1,0.5625,0,2,0,0,1,0,0,0,0,0
0.56,2,0.0,1,0,0,0,0,0,0,1,0,1
0.395,1,0.3333333333333333,1,0,0,0,0,0,0,0,0,0
0.381,4,0.15151515151515152,1,0,0,0,0,0,0,0,0,1
0.382,1,0.36363636363636365,0,1,0,0,0,0,0,0,0,0
0.0,5,0.0,1,0,0,0,0,0,0,0,0,0
0.845,3,0.0,1,0,0,0,0,0,0,1,0,0
0.696,2,0.375,0,2,0,0,1,1,0,1,0,0
0.5,2,0.0,1,0,0,0,0,0,0,0,0,0
0.949,0,0.5,1,0,0,0,0,0,0,0,0,0
0.5,0,0.6,0,1,1,1,0,0,0,0,0,0
0.481,1,0.7,0,1,0,0,0,0,0,0,0,0
0.233,0,0.45454545454545453,1,0,0,0,0,0,0,0,0,0
0.24,0,0.56,1,0,0,0,0,0,0,0,0,0
0.083,4,0.225,1,0,0,0,0,0,0,1,0,0
0.306,1,0.0,1,0,0,0,0,0,0,0,0,0
0.615,3,0.3333333333333333,0,0,0,0,0,0,0,0,0,1
0.8,1,0.42424242424242425,1,0,0,0,0,0,0,0,0,0
0.912,6,0.0,1,0,0,0,0,0,0,1,0,0
0.429,2,0.14285714285714285,1,1,1,1,0,0,0,0,0,1
0.308,5,0.07894736842105263,1,0,0,0,0,0,0,0,0,1
0.231,1,0.2,1,0,0,0,0,0,0,0,0,0
0.333,4,0.23684210526315788,0,0,0,0,0,0,0,0,0,0
0.342,2,0.08333333333333333,1,0,0,0,0,0,0,1,0,1
